AÑO,TRIMESTRE,PROVEEDOR,COD DEPARTAMENTO,DEPARTAMENTO,COD MUNICIPIO,MUNICIPIO,CABECERA MUNICIPAL,COD CENTRO POBLADO,CENTRO POBLADO,COBERTURA 2G,COBERTURA 3G,"COBERTURA HSPA+, HSPA+DC",COBERTURA LTE,COBERTURA 5G,COBERTURA 4G
2023,3,COLOMBIA MOVIL  S.A ESP,27,CHOCÓ,27250,EL LITORAL DEL SAN JUAN,0,27250034,TORDÓ,0,0,0,0,0,1
2023,3,COLOMBIA TELECOMUNICACIONES S.A. E.S.P.,05,ANTIOQUIA,05495,NECHÍ,0,05495003,LA CONCHA,1,1,1,0,0,1
2022,3,COLOMBIA MOVIL  S.A ESP,70,SUCRE,70508,OVEJAS,0,70508006,DON GABRIEL,0,0,0,0,0,1
2021,4,AVANTEL S.A.S,73,TOLIMA,73043,ANZOÁTEGUI,1,73043000,ANZOÁTEGUI,1,1,1,0,0,0
2021,2,COMUNICACION CELULAR S A COMCEL S A,50,META,50150,CASTILLA LA NUEVA,0,50150001,SAN LORENZO,1,1,1,0,0,1
2022,3,COMUNICACION CELULAR S A COMCEL S A,05,ANTIOQUIA,05264,ENTRERRIOS,1,05264000,ENTRERRÍOS,1,1,1,0,0,1
2022,4,COLOMBIA MOVIL  S.A ESP,20,CESAR,20787,TAMALAMEQUE,0,20787015,EL DOCE,0,0,0,0,0,1
2022,1,COMUNICACION CELULAR S A COMCEL S A,81,ARAUCA,81065,ARAUQUITA,0,81065007,REINERA (GAVIOTA),1,1,1,0,0,0
2021,1,EMPRESA DE TELECOMUNICACIONES DE BOGOTA S.A. ESP,44,LA GUAJIRA,44279,FONSECA,1,44279001,FONSECA,0,0,1,1,0,0
2023,3,PARTNERS TELECOM COLOMBIA SAS,15,BOYACÁ,15172,CHINAVITA,1,15172000,CHINAVITA,0,1,1,0,0,0
2021,1,COMUNICACION CELULAR S A COMCEL S A,70,SUCRE,70001,SINCELEJO,0,70001020,POLICARPA,1,1,1,0,0,0
2021,1,COMUNICACION CELULAR S A COMCEL S A,20,CESAR,20001,VALLEDUPAR,0,0,VERACRUZ,0,0,0,0,0,0
2021,3,COLOMBIA TELECOMUNICACIONES S.A. E.S.P.,25,CUNDINAMARCA,25873,VILLAPINZÓN,1,25873000,VILLAPINZÓN,1,1,1,0,0,1
2022,1,COLOMBIA TELECOMUNICACIONES S.A. E.S.P.,05,ANTIOQUIA,05086,BELMIRA,1,05086000,BELMIRA,0,0,0,0,0,1
2021,3,PARTNERS TELECOM COLOMBIA SAS,18,CAQUETA,18205,CURILLO,1,18205000,CURILLO,0,1,1,0,0,1
2021,4,COLOMBIA MOVIL  S.A ESP,52,NARIÑO,52490,OLAYA HERRERA,1,52490000,BOCAS DE SATINGA,1,1,1,0,0,1
2022,2,COLOMBIA TELECOMUNICACIONES S.A. E.S.P.,66,RISARALDA,66001,PEREIRA,0,66001025,NUEVA SIRIA,1,0,0,0,0,0
2022,1,PARTNERS TELECOM COLOMBIA SAS,54,NORTE DE SANTANDER,54874,VILLA DEL ROSARIO,1,54874000,VILLA DEL ROSARIO,0,1,1,0,0,1
2021,3,COLOMBIA MOVIL  S.A ESP,20,CESAR,20570,PUEBLO BELLO,0,20570002,LAS MINAS DE IRACAL,0,1,1,0,0,0
2022,1,COMUNICACION CELULAR S A COMCEL S A,13,BOLÍVAR,13468,SANTA CRUZ DE MOMPOX,0,13468013,LA RINCONADA,1,1,1,0,0,0
2022,3,COMUNICACION CELULAR S A COMCEL S A,20,CESAR,20787,TAMALAMEQUE,1,20787000,TAMALAMEQUE,1,1,1,0,0,1
2021,4,PARTNERS TELECOM COLOMBIA SAS,19,CAUCA,19807,TIMBÍO,1,19807000,TIMBÍO,0,1,1,0,0,0
2022,4,COMUNICACION CELULAR S A COMCEL S A,85,CASANARE,85410,TAURAMENA,0,85410005,PASO CUSIANA,1,1,1,0,0,1
2021,4,COLOMBIA TELECOMUNICACIONES S.A. E.S.P.,47,MAGDALENA,47053,ARACATACA,0,47053016,EL TIGRE,1,0,0,0,0,0
2022,4,COLOMBIA MOVIL  S.A ESP,05,ANTIOQUIA,05250,EL BAGRE,1,05250000,EL BAGRE,0,1,1,0,0,1
2022,1,COMUNICACION CELULAR S A COMCEL S A,66,RISARALDA,66001,PEREIRA,0,66001036,PITAL DE COMBIA,1,1,1,0,0,1
2022,2,COMUNICACION CELULAR S A COMCEL S A,76,VALLE DEL CAUCA,76036,ANDALUCÍA,1,76036000,ANDALUCÍA,1,1,1,0,0,1
2021,1,COLOMBIA TELECOMUNICACIONES S.A. E.S.P.,41,HUILA,41503,OPORAPA,1,41503001,OPORAPA,1,1,0,0,0,0
2021,3,PARTNERS TELECOM COLOMBIA SAS,25,CUNDINAMARCA,25524,PANDI,1,25524000,PANDI,0,1,1,0,0,0
2021,1,COMUNICACION CELULAR S A COMCEL S A,19,CAUCA,19785,SUCRE,0,19785008,LA CEJA,0,0,0,0,0,0
2021,2,COMUNICACION CELULAR S A COMCEL S A,23,CÓRDOBA,23678,SAN CARLOS,0,23678008,CALLEMAR,1,1,1,0,0,0
2023,3,COLOMBIA MOVIL  S.A ESP,13,BOLÍVAR,13433,MAHATES,0,13433004,SAN BASILIO DE PALENQUE,0,1,1,0,0,1
2021,2,AVANTEL S.A.S,50,META,50370,URIBE,1,50370000,URIBE,1,1,1,0,0,0
2022,1,COMUNICACION CELULAR S A COMCEL S A,76,VALLE DEL CAUCA,76109,BUENAVENTURA,0,76109046,JUANCHACO,1,1,1,0,0,1
2021,3,COMUNICACION CELULAR S A COMCEL S A,52,NARIÑO,52001,PASTO,1,52001000,SAN JUAN DE PASTO,1,1,1,0,0,1
2023,3,COMUNICACION CELULAR S A COMCEL S A,25,CUNDINAMARCA,25612,RICAURTE,1,25612000,RICAURTE,1,1,1,0,0,1
2021,4,COLOMBIA TELECOMUNICACIONES S.A. E.S.P.,76,VALLE DEL CAUCA,76520,PALMIRA,0,76520008,BOYACÁ,0,1,1,0,0,1
2021,4,PARTNERS TELECOM COLOMBIA SAS,19,CAUCA,19622,ROSAS,1,19622000,ROSAS,0,1,1,0,0,0
2021,3,COMUNICACION CELULAR S A COMCEL S A,20,CESAR,20001,VALLEDUPAR,0,20001002,ATANQUEZ,1,1,1,0,0,1
2021,2,COMUNICACION CELULAR S A COMCEL S A,50,META,50110,BARRANCA DE UPÍA,0,50110001,SAN IGNACIO,0,1,1,0,0,0
2022,1,COLOMBIA MOVIL  S.A ESP,05,ANTIOQUIA,05642,SALGAR,1,05642000,SALGAR,1,1,1,0,0,1
2021,2,COLOMBIA TELECOMUNICACIONES S.A. E.S.P.,25,CUNDINAMARCA,25269,FACATATIVÁ,0,25269022,SAN ISIDRO,0,1,0,0,0,1
2023,3,COMUNICACION CELULAR S A COMCEL S A,15,BOYACÁ,15377,LABRANZAGRANDE,1,15377000,LABRANZAGRANDE,1,1,1,0,0,1
2021,2,COLOMBIA MOVIL  S.A ESP,70,SUCRE,70001,SINCELEJO,0,70001007,LA GALLERA,1,1,1,0,0,1
2021,1,COMUNICACION CELULAR S A COMCEL S A,19,CAUCA,19001,POPAYÁN,0,19001039,PARCELACION ATARDECERES DE LA PRADERA,0,0,0,0,0,0
2022,3,PARTNERS TELECOM COLOMBIA SAS,41,HUILA,41548,PITAL,1,41548000,PITAL,0,1,1,0,0,1
2022,4,PARTNERS TELECOM COLOMBIA SAS,13,BOLÍVAR,13430,MAGANGUÉ,1,13430000,MAGANGUÉ,0,1,1,0,0,1
2023,2,COLOMBIA MOVIL  S.A ESP,17,CALDAS,17174,CHINCHINÁ,1,17174000,CHINCHINÁ,0,1,1,0,0,1
2022,2,COMUNICACION CELULAR S A COMCEL S A,25,CUNDINAMARCA,25596,QUIPILE,1,25596000,QUIPILE,1,1,1,0,0,1
2021,2,COLOMBIA TELECOMUNICACIONES S.A. E.S.P.,25,CUNDINAMARCA,25307,GIRARDOT,1,25307000,GIRARDOT,1,1,1,0,0,1
2023,3,COLOMBIA TELECOMUNICACIONES S.A. E.S.P.,73,TOLIMA,73268,ESPINAL,0,73268001,CHICORAL,1,1,1,0,0,1
2022,4,COLOMBIA TELECOMUNICACIONES S.A. E.S.P.,25,CUNDINAMARCA,25743,SILVANIA,0,25743002,AZAFRANAL,1,1,0,0,0,1
2022,2,COLOMBIA MOVIL  S.A ESP,23,CÓRDOBA,23162,CERETÉ,1,23162000,CERETÉ,1,1,1,0,0,1
2022,1,AVANTEL S.A.S,25,CUNDINAMARCA,25841,UBAQUE,1,25841000,UBAQUE,1,1,1,0,0,0
2021,3,COLOMBIA TELECOMUNICACIONES S.A. E.S.P.,25,CUNDINAMARCA,25377,LA CALERA,0,25377010,ALTAMAR,1,1,0,0,0,1
2023,2,COMUNICACION CELULAR S A COMCEL S A,17,CALDAS,17050,ARANZAZU,0,17050012,LA HONDA,1,1,1,0,0,1
2021,1,COLOMBIA TELECOMUNICACIONES S.A. E.S.P.,20,CESAR,20517,PAILITAS,0,20517006,EL BURRO,1,0,0,0,0,0
2021,2,COLOMBIA MOVIL  S.A ESP,73,TOLIMA,73148,CARMEN DE APICALÁ,1,73148000,CARMEN DE APICALÁ,1,1,1,0,0,1
2022,2,COMUNICACION CELULAR S A COMCEL S A,25,CUNDINAMARCA,25899,ZIPAQUIRÁ,0,25899006,PASOANCHO,1,1,1,0,0,1
2021,2,EMPRESA DE TELECOMUNICACIONES DE BOGOTA S.A. ESP,17,CALDAS,17541,PENSILVANIA,1,17541000,PENSILVANIA,0,0,0,0,0,0
2022,4,COLOMBIA TELECOMUNICACIONES S.A. E.S.P.,47,MAGDALENA,47660,SABANAS DE SAN ANGEL,1,47660000,SAN ÁNGEL,1,1,1,0,0,1
2021,1,COMUNICACION CELULAR S A COMCEL S A,76,VALLE DEL CAUCA,76834,TULUÁ,1,76834001,TULUÁ,1,1,1,1,0,0
2022,4,COLOMBIA TELECOMUNICACIONES S.A. E.S.P.,23,CÓRDOBA,23182,CHINÚ,0,23182043,BAJO DE PIEDRA,1,0,0,0,0,0
2022,2,AVANTEL S.A.S,41,HUILA,41668,SAN AGUSTÍN,1,41668000,SAN AGUSTÍN,1,1,1,0,0,1
2021,4,AVANTEL S.A.S,52,NARIÑO,52720,SAPUYES,1,52720000,SAPUYES,1,1,1,0,0,0
2023,1,COMUNICACION CELULAR S A COMCEL S A,63,QUINDÍO,63190,CIRCASIA,0,63190020,QUINTAS DEL BOSQUE,1,1,1,0,0,1
2023,3,COLOMBIA MOVIL  S.A ESP,50,META,50226,CUMARAL,0,50226004,SAN NICOLÁS,0,0,0,0,0,1
2023,1,PARTNERS TELECOM COLOMBIA SAS,50,META,50287,FUENTE DE ORO,1,50287000,FUENTE DE ORO,0,1,1,0,0,1
2022,3,COMUNICACION CELULAR S A COMCEL S A,17,CALDAS,17001,MANIZALES,0,17001022,ALTO BONITO,1,1,1,0,0,1
2021,3,COMUNICACION CELULAR S A COMCEL S A,47,MAGDALENA,47030,ALGARROBO,0,47030001,BELLA VISTA,1,1,1,0,0,0
2022,1,PARTNERS TELECOM COLOMBIA SAS,52,NARIÑO,52385,LA LLANADA,1,52385000,LA LLANADA,0,1,1,0,0,0
2022,4,COLOMBIA MOVIL  S.A ESP,76,VALLE DEL CAUCA,76520,PALMIRA,0,76520025,POTRERILLO,0,1,1,0,0,1
2023,1,COMUNICACION CELULAR S A COMCEL S A,25,CUNDINAMARCA,25758,SOPÓ,0,25758009,GRATAMIRA,1,1,1,0,0,1
2021,1,COMUNICACION CELULAR S A COMCEL S A,19,CAUCA,19455,MIRANDA,0,19455005,ORTIGAL,0,0,0,0,0,0
2021,1,COMUNICACION CELULAR S A COMCEL S A,27,CHOCÓ,27050,ATRATO,0,27050006,SAN JOSÉ DE PURRÉ,0,0,0,0,0,0
2023,2,COMUNICACION CELULAR S A COMCEL S A,23,CÓRDOBA,23660,SAHAGÚN,0,23660015,AGUAS VIVAS,1,1,1,0,0,0
2021,1,COLOMBIA TELECOMUNICACIONES S.A. E.S.P.,54,NORTE DE SANTANDER,54820,TOLEDO,1,54820001,TOLEDO,1,1,0,0,0,0
2022,1,COMUNICACION CELULAR S A COMCEL S A,23,CÓRDOBA,23855,VALENCIA,0,23855016,MANZANARES,1,1,1,0,0,0
2021,4,AVANTEL S.A.S,73,TOLIMA,73504,ORTEGA,1,73504000,ORTEGA,1,1,1,0,0,1
2022,1,COMUNICACION CELULAR S A COMCEL S A,47,MAGDALENA,47245,EL BANCO,0,47245001,AGUAESTRADA,1,0,0,0,0,0
2021,2,COLOMBIA TELECOMUNICACIONES S.A. E.S.P.,27,CHOCÓ,27150,CARMEN DEL DARIÉN,1,27150000,CURBARADÓ,0,1,0,0,0,1
2021,2,EMPRESA DE TELECOMUNICACIONES DE BOGOTA S.A. ESP,76,VALLE DEL CAUCA,76616,RIOFRÍO,0,76616009,SALÓNICA,0,0,0,0,0,0
2022,1,COLOMBIA TELECOMUNICACIONES S.A. E.S.P.,73,TOLIMA,73001,IBAGUÉ,0,73001027,PASTALES NUEVO,1,0,0,0,0,0
2022,2,COMUNICACION CELULAR S A COMCEL S A,95,GUAVIARE,95001,SAN JOSÉ DEL GUAVIARE,0,95001039,SANTO DOMINGO,1,1,1,0,0,1
2021,3,COLOMBIA TELECOMUNICACIONES S.A. E.S.P.,52,NARIÑO,52385,LA LLANADA,1,52385000,LA LLANADA,0,1,1,0,0,0
2023,3,COLOMBIA MOVIL  S.A ESP,76,VALLE DEL CAUCA,76520,PALMIRA,0,76520002,AMAIME,0,1,1,0,0,1
2021,4,COMUNICACION CELULAR S A COMCEL S A,54,NORTE DE SANTANDER,54239,DURANIA,0,54239007,LAS AGUADAS,1,1,1,0,0,1
2023,1,COLOMBIA MOVIL  S.A ESP,13,BOLÍVAR,13442,MARÍA LA BAJA,1,13442000,MARÍA LA BAJA,0,1,1,0,0,1
2021,3,COMUNICACION CELULAR S A COMCEL S A,05,ANTIOQUIA,05670,SAN ROQUE,0,05670003,SAN JOSÉ DEL NUS,1,1,1,0,0,0
2021,2,COMUNICACION CELULAR S A COMCEL S A,23,CÓRDOBA,23079,BUENAVISTA,1,23079000,BUENAVISTA,1,1,1,0,0,1
2023,2,COMUNICACION CELULAR S A COMCEL S A,11,BOGOTÁ D.C.,11001,"BOGOTÁ, D.C.",0,11001008,SAN JUAN,1,1,1,0,0,0
2022,2,COLOMBIA MOVIL  S.A ESP,76,VALLE DEL CAUCA,76233,DAGUA,0,76233011,EL QUEREMAL,1,1,1,0,0,1
2021,4,COMUNICACION CELULAR S A COMCEL S A,23,CÓRDOBA,23466,MONTELÍBANO,0,23466008,PICA PICA,1,0,0,0,0,0
2021,4,PARTNERS TELECOM COLOMBIA SAS,66,RISARALDA,66400,LA VIRGINIA,1,66400000,LA VIRGINIA,0,1,1,0,0,0
2022,3,COMUNICACION CELULAR S A COMCEL S A,23,CÓRDOBA,23001,MONTERÍA,0,23001041,ENSENADA DE LA HAMACA,1,1,1,0,0,0
2023,1,COLOMBIA MOVIL  S.A ESP,27,CHOCÓ,27250,EL LITORAL DEL SAN JUAN,0,27250021,BURUJÓN,0,0,0,0,0,1
2022,3,COMUNICACION CELULAR S A COMCEL S A,25,CUNDINAMARCA,25317,GUACHETÁ,1,25317000,GUACHETÁ,1,1,1,0,0,1
2023,3,COMUNICACION CELULAR S A COMCEL S A,52,NARIÑO,52001,PASTO,0,52001053,MOCONDINO,1,1,1,0,0,1
2022,3,COMUNICACION CELULAR S A COMCEL S A,99,VICHADA,99773,CUMARIBO,0,99773020,EL PROGRESO,1,0,0,0,0,0
2022,2,AVANTEL S.A.S,52,NARIÑO,52210,CONTADERO,1,52210000,CONTADERO,1,1,1,0,0,0
2021,3,COLOMBIA TELECOMUNICACIONES S.A. E.S.P.,17,CALDAS,17877,VITERBO,1,17877000,VITERBO,1,1,1,0,0,1
2023,2,COMUNICACION CELULAR S A COMCEL S A,13,BOLÍVAR,13244,EL CARMEN DE BOLÍVAR,0,13244017,SANTO DOMINGO DE MEZA,1,1,1,0,0,1
2023,1,COLOMBIA TELECOMUNICACIONES S.A. E.S.P.,25,CUNDINAMARCA,25612,RICAURTE,0,25612006,SAN MARCOS POBLADO,1,0,0,0,0,0
2022,1,EMPRESA DE TELECOMUNICACIONES DE BOGOTA S.A. ESP,23,CÓRDOBA,23660,SAHAGÚN,0,23660003,CATALINA,1,1,1,0,0,0
2022,3,COMUNICACION CELULAR S A COMCEL S A,50,META,50573,PUERTO LÓPEZ,0,50573006,PUERTO GUADALUPE,1,1,1,0,0,1
2022,4,COLOMBIA MOVIL  S.A ESP,08,ATLÁNTICO,08685,SANTO TOMÁS,1,08685000,SANTO TOMÁS,0,1,1,0,0,1
2021,3,COMUNICACION CELULAR S A COMCEL S A,68,SANTANDER,68689,SAN VICENTE DE CHUCURÍ,1,68689000,SAN VICENTE DE CHUCURÍ,1,1,1,0,0,1
2022,3,PARTNERS TELECOM COLOMBIA SAS,15,BOYACÁ,15861,VENTAQUEMADA,1,15861000,VENTAQUEMADA,0,1,1,0,0,1
2023,1,COMUNICACION CELULAR S A COMCEL S A,50,META,50313,GRANADA,0,50313005,PUERTO CALDAS,1,1,1,0,0,0
2021,3,COMUNICACION CELULAR S A COMCEL S A,08,ATLÁNTICO,08078,BARANOA,1,08078000,BARANOA,1,1,1,0,0,1
2022,3,COMUNICACION CELULAR S A COMCEL S A,73,TOLIMA,73870,VILLAHERMOSA,1,73870000,VILLAHERMOSA,1,1,1,0,0,1
2023,3,COLOMBIA MOVIL  S.A ESP,05,ANTIOQUIA,05837,TURBO,0,05837008,RIOGRANDE,0,1,1,0,0,1
2023,2,COLOMBIA TELECOMUNICACIONES S.A. E.S.P.,76,VALLE DEL CAUCA,76364,JAMUNDÍ,0,76364021,SAN ISIDRO,1,1,1,0,0,1
2022,1,COLOMBIA MOVIL  S.A ESP,52,NARIÑO,52427,MAGÜI,1,52427000,PAYÁN,1,1,1,0,0,0
2023,3,COMUNICACION CELULAR S A COMCEL S A,73,TOLIMA,73624,ROVIRA,0,73624007,GUADUALITO,1,0,0,0,0,0
2021,1,COMUNICACION CELULAR S A COMCEL S A,70,SUCRE,70001,SINCELEJO,0,70001006,LA CHIVERA,1,1,1,0,0,0
2023,3,COMUNICACION CELULAR S A COMCEL S A,70,SUCRE,70230,CHALÁN,0,70230004,DESBARRANCADO,1,1,1,0,0,1
2021,1,AVANTEL S.A.S,52,NARIÑO,52699,SANTACRUZ,1,52699001,SANTACRUZ,0,0,0,0,0,0
2022,3,COMUNICACION CELULAR S A COMCEL S A,47,MAGDALENA,47318,GUAMAL,0,47318020,LA CEIBA,1,0,0,0,0,0
2021,4,PARTNERS TELECOM COLOMBIA SAS,15,BOYACÁ,15816,TOGÜÍ,1,15816000,TOGÜÍ,0,1,1,0,0,0
2021,1,COMUNICACION CELULAR S A COMCEL S A,19,CAUCA,19212,CORINTO,0,19212005,RIONEGRO,0,0,0,0,0,0
2021,4,PARTNERS TELECOM COLOMBIA SAS,25,CUNDINAMARCA,25871,VILLAGÓMEZ,1,25871000,VILLAGÓMEZ,0,1,1,0,0,0
2023,3,COMUNICACION CELULAR S A COMCEL S A,52,NARIÑO,52786,TAMINANGO,0,52786019,EL REMOLINO,1,1,1,0,0,1
2021,1,COMUNICACION CELULAR S A COMCEL S A,52,NARIÑO,52405,LEIVA,0,52405006,PUERTO NUEVO,0,0,0,0,0,0
2022,3,COLOMBIA TELECOMUNICACIONES S.A. E.S.P.,70,SUCRE,70708,SAN MARCOS,1,70708000,SAN MARCOS,1,1,1,0,0,0
2021,2,COMUNICACION CELULAR S A COMCEL S A,68,SANTANDER,68307,GIRÓN,1,68307000,GIRÓN,1,1,1,0,0,1
2021,1,COMUNICACION CELULAR S A COMCEL S A,13,BOLÍVAR,13430,MAGANGUÉ,0,13430039,BOCA DE GUAMAL,0,0,0,0,0,0
2021,2,COMUNICACION CELULAR S A COMCEL S A,15,BOYACÁ,15667,SAN LUIS DE GACENO,0,15667006,LA FRONTERA (CORREDOR VIAL),1,1,1,0,0,1
2021,3,PARTNERS TELECOM COLOMBIA SAS,73,TOLIMA,73483,NATAGAIMA,1,73483000,NATAGAIMA,0,1,1,0,0,0
2021,2,PARTNERS TELECOM COLOMBIA SAS,20,CESAR,20032,ASTREA,1,20032000,ASTREA,0,1,1,0,0,0
2023,3,COMUNICACION CELULAR S A COMCEL S A,23,CÓRDOBA,23182,CHINÚ,0,23182011,SANTA FE,1,0,0,0,0,0
2021,2,COMUNICACION CELULAR S A COMCEL S A,54,NORTE DE SANTANDER,54001,SAN JOSÉ DE CÚCUTA,0,54001049,ORIPAYA,1,1,0,0,0,1
2023,1,COMUNICACION CELULAR S A COMCEL S A,70,SUCRE,70713,SAN ONOFRE,0,70713008,PALO ALTO,1,1,1,0,0,1
2023,1,COLOMBIA TELECOMUNICACIONES S.A. E.S.P.,05,ANTIOQUIA,05347,HELICONIA,1,05347000,HELICONIA,1,1,1,0,0,1
2021,3,EMPRESA DE TELECOMUNICACIONES DE BOGOTA S.A. ESP,05,ANTIOQUIA,05134,CAMPAMENTO,1,05134000,CAMPAMENTO,0,0,0,0,0,0
2022,3,COLOMBIA TELECOMUNICACIONES S.A. E.S.P.,47,MAGDALENA,47258,EL PIÑON,1,47258000,EL PIÑÓN,1,1,1,0,0,1
2021,3,COLOMBIA TELECOMUNICACIONES S.A. E.S.P.,19,CAUCA,19698,SANTANDER DE QUILICHAO,0,19698020,QUINAMAYO,1,1,1,0,0,0
2022,1,COMUNICACION CELULAR S A COMCEL S A,23,CÓRDOBA,23672,SAN ANTERO,0,23672026,MIRIAM PARDO,1,1,1,0,0,1
2022,2,COLOMBIA TELECOMUNICACIONES S.A. E.S.P.,05,ANTIOQUIA,05306,GIRALDO,1,05306000,GIRALDO,1,1,0,0,0,1
2021,2,COLOMBIA TELECOMUNICACIONES S.A. E.S.P.,23,CÓRDOBA,23580,PUERTO LIBERTADOR,1,23580000,PUERTO LIBERTADOR,1,1,1,0,0,0
2021,4,AVANTEL S.A.S,13,BOLÍVAR,13670,SAN PABLO,1,13670000,SAN PABLO,1,1,1,0,0,0
2022,3,COLOMBIA TELECOMUNICACIONES S.A. E.S.P.,76,VALLE DEL CAUCA,76130,CANDELARIA,0,76130004,EL CARMELO,0,1,1,0,0,1
2021,4,COLOMBIA TELECOMUNICACIONES S.A. E.S.P.,08,ATLÁNTICO,08832,TUBARÁ,0,08832013,NUEVA ESPERANZA,1,0,0,0,0,0
2021,2,COLOMBIA TELECOMUNICACIONES S.A. E.S.P.,70,SUCRE,70473,MORROA,0,70473004,LAS FLORES,1,0,0,0,0,0
2023,2,COLOMBIA TELECOMUNICACIONES S.A. E.S.P.,13,BOLÍVAR,13160,CANTAGALLO,0,13160002,BRISAS DE BOLÍVAR,1,1,0,0,0,0
2023,1,COMUNICACION CELULAR S A COMCEL S A,68,SANTANDER,68572,PUENTE NACIONAL,0,68572012,PEÑA BLANCA,1,1,1,0,0,1
2023,3,COLOMBIA MOVIL  S.A ESP,54,NORTE DE SANTANDER,54743,SILOS,1,54743000,SILOS,1,1,1,0,0,1
2023,3,COMUNICACION CELULAR S A COMCEL S A,76,VALLE DEL CAUCA,76001,CALI,0,76001024,CASCAJAL I,1,1,1,0,0,1
2021,1,COMUNICACION CELULAR S A COMCEL S A,47,MAGDALENA,47980,ZONA BANANERA,0,47980013,ESTACIÓN SEVILLA,1,1,1,1,0,0
2023,1,COLOMBIA TELECOMUNICACIONES S.A. E.S.P.,66,RISARALDA,66440,MARSELLA,1,66440000,MARSELLA,1,1,1,0,0,1
2023,3,COLOMBIA MOVIL  S.A ESP,05,ANTIOQUIA,05576,PUEBLORRICO,1,05576000,PUEBLORRICO,0,1,1,0,0,1
2023,3,COMUNICACION CELULAR S A COMCEL S A,13,BOLÍVAR,13430,MAGANGUÉ,0,13430002,BARRANCA DE YUCA,1,1,1,0,0,1
2021,2,COLOMBIA TELECOMUNICACIONES S.A. E.S.P.,13,BOLÍVAR,13006,ACHÍ,1,13006000,ACHÍ,1,1,1,0,0,1
2023,3,COMUNICACION CELULAR S A COMCEL S A,25,CUNDINAMARCA,25885,YACOPÍ,0,25885021,EL CASTILLO,1,1,1,0,0,1
2022,2,COMUNICACION CELULAR S A COMCEL S A,73,TOLIMA,73026,ALVARADO,0,73026001,CALDAS VIEJO,1,0,0,0,0,0
2023,2,COMUNICACION CELULAR S A COMCEL S A,25,CUNDINAMARCA,25740,SIBATÉ,0,25740011,SAN MIGUEL SECTOR SUR,1,1,1,0,0,1
2023,2,COLOMBIA TELECOMUNICACIONES S.A. E.S.P.,76,VALLE DEL CAUCA,76233,DAGUA,0,76233012,EL SALADO,1,1,1,0,0,0
2021,4,COMUNICACION CELULAR S A COMCEL S A,08,ATLÁNTICO,08573,PUERTO COLOMBIA,0,08573003,SABANILLA (MONTE CARMELO),1,1,1,0,0,1
2021,2,EMPRESA DE TELECOMUNICACIONES DE BOGOTA S.A. ESP,05,ANTIOQUIA,05079,BARBOSA,1,05079000,BARBOSA,1,1,0,0,0,1
2022,4,PARTNERS TELECOM COLOMBIA SAS,70,SUCRE,70678,SAN BENITO ABAD,0,70678033,LAS CHISPAS,0,0,0,0,0,1
2022,1,PARTNERS TELECOM COLOMBIA SAS,68,SANTANDER,68147,CAPITANEJO,1,68147000,CAPITANEJO,0,1,1,0,0,0
2021,3,COLOMBIA MOVIL  S.A ESP,25,CUNDINAMARCA,25518,PAIME,1,25518000,PAIME,1,1,1,0,0,1
2022,1,EMPRESA DE TELECOMUNICACIONES DE BOGOTA S.A. ESP,13,BOLÍVAR,13430,MAGANGUÉ,0,13430013,JUAN ARIAS,0,1,1,0,0,0
2022,1,COLOMBIA TELECOMUNICACIONES S.A. E.S.P.,73,TOLIMA,73067,ATACO,0,73067007,SANTIAGO PÉREZ,1,0,0,0,0,0
2021,1,COMUNICACION CELULAR S A COMCEL S A,73,TOLIMA,73168,CHAPARRAL,0,73168005,LA MARINA,0,0,0,0,0,0
2023,2,COLOMBIA MOVIL  S.A ESP,25,CUNDINAMARCA,25473,MOSQUERA,1,25473000,MOSQUERA,0,1,1,0,0,1
2021,3,COMUNICACION CELULAR S A COMCEL S A,05,ANTIOQUIA,05308,GIRARDOTA,0,05308012,JUAN COJO,1,1,1,0,0,0
2023,3,COLOMBIA TELECOMUNICACIONES S.A. E.S.P.,25,CUNDINAMARCA,25899,ZIPAQUIRÁ,0,25899020,PORTACHUELO,1,1,0,0,0,1
2021,1,COLOMBIA TELECOMUNICACIONES S.A. E.S.P.,68,SANTANDER,68092,BETULIA,1,68092001,BETULIA,1,1,0,0,0,0
2023,3,COLOMBIA MOVIL  S.A ESP,25,CUNDINAMARCA,25769,SUBACHOQUE,0,25769002,LA PRADERA,0,1,1,0,0,1
2023,1,COLOMBIA MOVIL  S.A ESP,13,BOLÍVAR,13244,EL CARMEN DE BOLÍVAR,0,13244021,PADULA,0,0,0,0,0,1
2021,4,EMPRESA DE TELECOMUNICACIONES DE BOGOTA S.A. ESP,41,HUILA,41132,CAMPOALEGRE,1,41132000,CAMPOALEGRE,1,1,1,0,0,0
2021,3,PARTNERS TELECOM COLOMBIA SAS,15,BOYACÁ,15476,MOTAVITA,1,15476000,MOTAVITA,0,1,1,0,0,0
2021,1,COMUNICACION CELULAR S A COMCEL S A,68,SANTANDER,68745,SIMACOTA,0,68745011,EL GUAMO,1,1,1,0,0,0
2021,2,COMUNICACION CELULAR S A COMCEL S A,41,HUILA,41306,GIGANTE,0,41306002,LA GRAN VÍA,1,0,0,0,0,0
2023,3,COMUNICACION CELULAR S A COMCEL S A,68,SANTANDER,68655,SABANA DE TORRES,1,68655000,SABANA DE TORRES,1,1,1,0,0,1
2022,3,AVANTEL S.A.S,99,VICHADA,99001,PUERTO CARREÑO,1,99001000,PUERTO CARREÑO,1,1,1,0,0,1
2022,4,COLOMBIA TELECOMUNICACIONES S.A. E.S.P.,25,CUNDINAMARCA,25769,SUBACHOQUE,0,25769007,LLANITOS,1,1,0,0,0,1
2023,2,COMUNICACION CELULAR S A COMCEL S A,19,CAUCA,19100,BOLÍVAR,0,19100021,SAN LORENZO,1,1,1,0,0,1
2021,4,COLOMBIA TELECOMUNICACIONES S.A. E.S.P.,63,QUINDÍO,63190,CIRCASIA,1,63190000,CIRCASIA,1,1,1,0,0,1
2022,3,COMUNICACION CELULAR S A COMCEL S A,25,CUNDINAMARCA,25473,MOSQUERA,0,25473007,PARCELAS,1,1,1,0,0,1
2022,2,COLOMBIA MOVIL  S.A ESP,25,CUNDINAMARCA,25743,SILVANIA,1,25743000,SILVANIA,1,1,1,0,0,1
2021,1,COMUNICACION CELULAR S A COMCEL S A,13,BOLÍVAR,13442,MARÍA LA BAJA,0,13442014,COLÚ,1,1,1,0,0,0
2021,3,COMUNICACION CELULAR S A COMCEL S A,25,CUNDINAMARCA,25372,JUNÍN,0,25372002,CHUSCALES,1,0,0,0,0,0
2021,2,COMUNICACION CELULAR S A COMCEL S A,25,CUNDINAMARCA,25486,NEMOCÓN,0,25486006,EL PLAN,1,1,1,0,0,1
2022,3,COMUNICACION CELULAR S A COMCEL S A,68,SANTANDER,68547,PIEDECUESTA,0,68547019,LA VEGA,1,1,1,0,0,1
2022,2,COLOMBIA MOVIL  S.A ESP,44,LA GUAJIRA,44420,LA JAGUA DEL PILAR,1,44420000,LA JAGUA DEL PILAR,1,1,1,0,0,1
2022,4,COLOMBIA MOVIL  S.A ESP,63,QUINDÍO,63470,MONTENEGRO,0,63470010,LA MONTAÑA,0,0,0,0,0,1
2021,1,COMUNICACION CELULAR S A COMCEL S A,08,ATLÁNTICO,08520,PALMAR DE VARELA,1,08520001,PALMAR DE VARELA,1,1,1,1,0,0
2021,1,COLOMBIA TELECOMUNICACIONES S.A. E.S.P.,05,ANTIOQUIA,05376,LA CEJA,1,05376001,LA CEJA,1,1,1,1,0,0
2023,3,COLOMBIA MOVIL  S.A ESP,05,ANTIOQUIA,05147,CAREPA,1,05147000,CAREPA,0,1,1,0,0,1
2021,1,COMUNICACION CELULAR S A COMCEL S A,44,LA GUAJIRA,44098,DISTRACCIÓN,0,44098002,CHORRERAS,1,1,1,1,0,0
2021,2,AVANTEL S.A.S,25,CUNDINAMARCA,25572,PUERTO SALGAR,1,25572000,PUERTO SALGAR,1,1,1,0,0,0
2021,2,COLOMBIA TELECOMUNICACIONES S.A. E.S.P.,18,CAQUETA,18785,SOLITA,1,18785000,SOLITA,0,0,0,0,0,1
2023,1,COLOMBIA MOVIL  S.A ESP,76,VALLE DEL CAUCA,76001,CALI,1,76001000,SANTIAGO DE CALI,0,1,1,0,0,1
2022,3,COMUNICACION CELULAR S A COMCEL S A,68,SANTANDER,68368,JESÚS MARÍA,1,68368000,JESÚS MARÍA,1,1,1,0,0,1
2021,1,COMUNICACION CELULAR S A COMCEL S A,73,TOLIMA,73055,ARMERO,0,73055003,SAN PEDRO,1,0,0,0,0,0
2021,4,COLOMBIA TELECOMUNICACIONES S.A. E.S.P.,05,ANTIOQUIA,05172,CHIGORODÓ,1,05172000,CHIGORODÓ,1,1,1,0,0,1
2023,1,PARTNERS TELECOM COLOMBIA SAS,25,CUNDINAMARCA,25053,ARBELÁEZ,1,25053000,ARBELÁEZ,0,1,1,0,0,1
2023,2,PARTNERS TELECOM COLOMBIA SAS,73,TOLIMA,73408,LÉRIDA,1,73408000,LÉRIDA,0,1,1,0,0,1
2023,2,COMUNICACION CELULAR S A COMCEL S A,25,CUNDINAMARCA,25269,FACATATIVÁ,0,25269019,SAGRADO CORAZÓN,1,1,1,0,0,1
2023,2,COLOMBIA TELECOMUNICACIONES S.A. E.S.P.,47,MAGDALENA,47053,ARACATACA,0,47053011,CAUCA,1,0,0,0,0,0
2021,4,COLOMBIA MOVIL  S.A ESP,23,CÓRDOBA,23350,LA APARTADA,0,23350003,LA BALSA,1,1,1,0,0,1
2021,4,COMUNICACION CELULAR S A COMCEL S A,41,HUILA,41799,TELLO,1,41799000,TELLO,1,1,1,0,0,1
2022,1,COMUNICACION CELULAR S A COMCEL S A,20,CESAR,20001,VALLEDUPAR,0,20001007,GUATAPURÍ,1,1,1,0,0,1
2023,1,COLOMBIA MOVIL  S.A ESP,52,NARIÑO,52287,FUNES,1,52287000,FUNES,0,1,1,0,0,1
2023,1,COMUNICACION CELULAR S A COMCEL S A,66,RISARALDA,66440,MARSELLA,0,66440001,ALTO CAUCA,1,1,1,0,0,1
2023,1,COMUNICACION CELULAR S A COMCEL S A,44,LA GUAJIRA,44001,RIOHACHA,0,44001004,CASCAJALITO,0,0,0,0,0,1
2021,4,COMUNICACION CELULAR S A COMCEL S A,15,BOYACÁ,15720,SATIVANORTE,0,15720001,SATIVA VIEJO,1,1,1,0,0,1
2022,3,COLOMBIA MOVIL  S.A ESP,68,SANTANDER,68547,PIEDECUESTA,1,68547000,PIEDECUESTA,1,1,1,0,0,1
2021,2,EMPRESA DE TELECOMUNICACIONES DE BOGOTA S.A. ESP,20,CESAR,20013,AGUSTÍN CODAZZI,0,20013002,CASACAZA,0,0,0,0,0,0
2022,3,AVANTEL S.A.S,52,NARIÑO,52233,CUMBITARA,1,52233000,CUMBITARA,1,1,1,0,0,0
2021,2,COMUNICACION CELULAR S A COMCEL S A,20,CESAR,20001,VALLEDUPAR,0,20001001,AGUAS BLANCAS,1,1,1,0,0,1
2023,1,COLOMBIA TELECOMUNICACIONES S.A. E.S.P.,25,CUNDINAMARCA,25269,FACATATIVÁ,0,25269024,TIERRA GRATA SECTOR EL CRUCE,1,1,0,0,0,1
2022,4,COMUNICACION CELULAR S A COMCEL S A,76,VALLE DEL CAUCA,76109,BUENAVENTURA,0,76109017,TRIANA,1,1,1,0,0,0
2022,2,PARTNERS TELECOM COLOMBIA SAS,68,SANTANDER,68686,SAN MIGUEL,1,68686000,SAN MIGUEL,0,1,1,0,0,0
2021,2,EMPRESA DE TELECOMUNICACIONES DE BOGOTA S.A. ESP,54,NORTE DE SANTANDER,54125,CÁCOTA,1,54125000,CÁCOTA,0,0,0,0,0,0
2023,1,COLOMBIA TELECOMUNICACIONES S.A. E.S.P.,76,VALLE DEL CAUCA,76400,LA UNIÓN,0,76400010,EL GUASIMO,0,1,1,0,0,1
2023,1,PARTNERS TELECOM COLOMBIA SAS,88,"ARCHIPIÉLAGO DE SAN ANDRÉS, PROVIDENCIA Y SANTA CATALINA",88001,SAN ANDRÉS,1,88001000,SAN ANDRÉS,0,1,1,0,0,1
2023,3,COMUNICACION CELULAR S A COMCEL S A,15,BOYACÁ,15022,ALMEIDA,1,15022000,ALMEIDA,1,1,1,0,0,1
2023,2,COMUNICACION CELULAR S A COMCEL S A,76,VALLE DEL CAUCA,76892,YUMBO,0,76892005,MULALÓ,1,1,1,0,0,1
2023,2,PARTNERS TELECOM COLOMBIA SAS,05,ANTIOQUIA,05628,SABANALARGA,1,05628000,SABANALARGA,0,1,1,0,0,1
2022,1,COMUNICACION CELULAR S A COMCEL S A,25,CUNDINAMARCA,25258,EL PEÑÓN,0,25258002,TALAUTA,1,1,1,0,0,1
2022,2,PARTNERS TELECOM COLOMBIA SAS,18,CAQUETA,18610,SAN JOSÉ DEL FRAGUA,1,18610000,SAN JOSÉ DEL FRAGUA,0,1,1,0,0,1
2023,3,COMUNICACION CELULAR S A COMCEL S A,13,BOLÍVAR,13873,VILLANUEVA,0,13873001,ZIPACOA,1,1,0,0,0,0
2021,4,COMUNICACION CELULAR S A COMCEL S A,68,SANTANDER,68235,EL CARMEN DE CHUCURÍ,0,68235017,LA EXPLANACIÓN,1,1,1,0,0,0
2023,1,COLOMBIA TELECOMUNICACIONES S.A. E.S.P.,70,SUCRE,70110,BUENAVISTA,1,70110000,BUENAVISTA,1,1,1,0,0,1
2021,3,COLOMBIA TELECOMUNICACIONES S.A. E.S.P.,15,BOYACÁ,15814,TOCA,1,15814000,TOCA,1,1,0,0,0,1
2022,1,COMUNICACION CELULAR S A COMCEL S A,15,BOYACÁ,15296,GAMEZA,1,15296000,GÁMEZA,1,1,1,0,0,1
2021,3,COLOMBIA MOVIL  S.A ESP,19,CAUCA,19532,PATÍA,0,19532009,PIEDRASENTADA,1,0,0,0,0,0
2022,1,COMUNICACION CELULAR S A COMCEL S A,05,ANTIOQUIA,05045,APARTADÓ,0,05045001,SAN JOSÉ DE APARTADÓ,1,0,0,0,0,0
2022,2,COMUNICACION CELULAR S A COMCEL S A,05,ANTIOQUIA,05036,ANGELÓPOLIS,0,05036006,SANTA RITA,1,1,1,0,0,1
2021,4,AVANTEL S.A.S,52,NARIÑO,52240,CHACHAGÜÍ,1,52240000,CHACHAGÜÍ,1,1,1,0,0,1
2022,4,COLOMBIA TELECOMUNICACIONES S.A. E.S.P.,41,HUILA,41349,HOBO,1,41349000,HOBO,1,1,0,0,0,1
2021,1,COMUNICACION CELULAR S A COMCEL S A,76,VALLE DEL CAUCA,76520,PALMIRA,0,76520023,OBANDO,0,0,0,0,0,0
2023,1,COLOMBIA TELECOMUNICACIONES S.A. E.S.P.,70,SUCRE,70110,BUENAVISTA,0,70110004,LAS CHICHAS,1,0,0,0,0,0
2021,1,COMUNICACION CELULAR S A COMCEL S A,05,ANTIOQUIA,05736,SEGOVIA,0,0,LA CALIENTE,0,0,0,0,0,0
2021,4,PARTNERS TELECOM COLOMBIA SAS,25,CUNDINAMARCA,25596,QUIPILE,1,25596000,QUIPILE,0,1,1,0,0,0
2021,1,COLOMBIA TELECOMUNICACIONES S.A. E.S.P.,25,CUNDINAMARCA,25394,LA PALMA,1,25394001,LA PALMA,1,1,0,0,0,0
2023,1,COMUNICACION CELULAR S A COMCEL S A,41,HUILA,41518,PAICOL,1,41518000,PAICOL,1,1,1,0,0,0
2023,2,COMUNICACION CELULAR S A COMCEL S A,08,ATLÁNTICO,08638,SABANALARGA,0,08638001,AGUADA DE PABLO,1,1,1,0,0,1
2022,1,COLOMBIA MOVIL  S.A ESP,05,ANTIOQUIA,05658,SAN JOSÉ DE LA MONTAÑA,1,05658000,SAN JOSÉ DE LA MONTAÑA,0,1,1,0,0,1
2022,4,COLOMBIA TELECOMUNICACIONES S.A. E.S.P.,76,VALLE DEL CAUCA,76233,DAGUA,0,76233009,EL PALMAR,1,1,1,0,0,0
2021,3,COMUNICACION CELULAR S A COMCEL S A,50,META,50251,EL CASTILLO,1,50251000,EL CASTILLO,1,1,1,0,0,1
2022,2,PARTNERS TELECOM COLOMBIA SAS,68,SANTANDER,68255,EL PLAYÓN,1,68255000,EL PLAYÓN,0,1,1,0,0,1
2022,3,COLOMBIA MOVIL  S.A ESP,50,META,50683,SAN JUAN DE ARAMA,0,50683012,MIRAFLOREZ,0,0,0,0,0,1
2023,2,COMUNICACION CELULAR S A COMCEL S A,44,LA GUAJIRA,44001,RIOHACHA,0,44001008,GALÁN,1,1,1,0,0,1
2022,2,AVANTEL S.A.S,76,VALLE DEL CAUCA,76606,RESTREPO,1,76606000,RESTREPO,1,1,1,0,0,1
2022,1,COMUNICACION CELULAR S A COMCEL S A,73,TOLIMA,73449,MELGAR,0,73449001,CUALAMANÁ,1,1,1,0,0,1
2022,3,COMUNICACION CELULAR S A COMCEL S A,23,CÓRDOBA,23189,CIÉNAGA DE ORO,0,23189023,SAN ANTONIO DEL TÁCHIRA,1,1,1,0,0,0
2021,3,COLOMBIA TELECOMUNICACIONES S.A. E.S.P.,25,CUNDINAMARCA,25871,VILLAGÓMEZ,1,25871000,VILLAGÓMEZ,0,0,0,0,0,1
2023,1,COLOMBIA TELECOMUNICACIONES S.A. E.S.P.,25,CUNDINAMARCA,25799,TENJO,0,25799012,LOS PINOS,1,1,0,0,0,0
2023,3,COLOMBIA TELECOMUNICACIONES S.A. E.S.P.,25,CUNDINAMARCA,25126,CAJICÁ,0,25126013,RÍO GRANDE - LA ESPERANZA,1,1,0,0,0,1
2023,1,COMUNICACION CELULAR S A COMCEL S A,15,BOYACÁ,15442,MARIPÍ,0,15442002,ZULIA,1,1,1,0,0,1
2021,4,COMUNICACION CELULAR S A COMCEL S A,23,CÓRDOBA,23001,MONTERÍA,0,23001035,MORINDÓ CENTRAL,1,1,1,0,0,0
2022,4,COMUNICACION CELULAR S A COMCEL S A,05,ANTIOQUIA,05858,VEGACHÍ,1,05858000,VEGACHÍ,1,1,1,0,0,1
2023,2,COMUNICACION CELULAR S A COMCEL S A,27,CHOCÓ,27025,ALTO BAUDÓ,1,27025000,PIE DE PATO,1,1,1,0,0,1
2021,2,COLOMBIA MOVIL  S.A ESP,52,NARIÑO,52356,IPIALES,0,52356009,LAS CRUCES,0,1,1,0,0,0
2022,2,COMUNICACION CELULAR S A COMCEL S A,20,CESAR,20238,EL COPEY,0,20238003,CHIMILA,1,1,1,0,0,1
2023,1,COLOMBIA TELECOMUNICACIONES S.A. E.S.P.,85,CASANARE,85230,OROCUÉ,0,85230003,EL ALGARROBO,0,0,0,0,0,1
2022,3,COLOMBIA TELECOMUNICACIONES S.A. E.S.P.,25,CUNDINAMARCA,25781,SUTATAUSA,0,25781003,CHIRCAL DE SANTA BARBARA,1,1,0,0,0,0
2021,2,COLOMBIA TELECOMUNICACIONES S.A. E.S.P.,47,MAGDALENA,47460,NUEVA GRANADA,0,47460006,SAN JOSÉ DE BALLESTERO,0,0,0,0,0,1
2022,4,COMUNICACION CELULAR S A COMCEL S A,52,NARIÑO,52687,SAN LORENZO,0,52687001,EL CARMEN,1,0,0,0,0,0
2023,2,PARTNERS TELECOM COLOMBIA SAS,23,CÓRDOBA,23001,MONTERÍA,0,23001070,SAN FRANCISCO,0,0,0,0,0,1
2021,3,COMUNICACION CELULAR S A COMCEL S A,44,LA GUAJIRA,44650,SAN JUAN DEL CESAR,0,44650017,VILLA DEL RÍO,1,1,1,0,0,0
2022,3,COLOMBIA TELECOMUNICACIONES S.A. E.S.P.,15,BOYACÁ,15464,MONGUA,1,15464000,MONGUA,1,1,0,0,0,1
2021,4,COLOMBIA TELECOMUNICACIONES S.A. E.S.P.,99,VICHADA,99524,LA PRIMAVERA,1,99524000,LA PRIMAVERA,0,1,1,0,0,0
2021,1,COMUNICACION CELULAR S A COMCEL S A,47,MAGDALENA,47318,GUAMAL,0,47318025,EL VEINTIOCHO,0,0,0,0,0,0
2022,1,COLOMBIA TELECOMUNICACIONES S.A. E.S.P.,25,CUNDINAMARCA,25183,CHOCONTÁ,1,25183000,CHOCONTÁ,1,1,0,0,0,1
2022,3,COLOMBIA MOVIL  S.A ESP,52,NARIÑO,52210,CONTADERO,1,52210000,CONTADERO,1,1,1,0,0,1
2023,3,COLOMBIA MOVIL  S.A ESP,27,CHOCÓ,27600,RÍO QUITO,0,27600006,CHIGUARANDÓ ALTO,0,0,0,0,0,1
2021,2,COMUNICACION CELULAR S A COMCEL S A,76,VALLE DEL CAUCA,76100,BOLÍVAR,0,76100008,NARANJAL,1,0,0,0,0,0
2022,1,COMUNICACION CELULAR S A COMCEL S A,23,CÓRDOBA,23189,CIÉNAGA DE ORO,0,23189034,LA DRAGA,1,1,1,0,0,0
2023,1,COMUNICACION CELULAR S A COMCEL S A,15,BOYACÁ,15763,SOTAQUIRÁ,0,15763002,BOSIGAS,1,1,1,0,0,1
2021,3,COLOMBIA TELECOMUNICACIONES S.A. E.S.P.,18,CAQUETA,18205,CURILLO,1,18205000,CURILLO,1,1,1,0,0,0
2022,2,COLOMBIA TELECOMUNICACIONES S.A. E.S.P.,05,ANTIOQUIA,05628,SABANALARGA,1,05628000,SABANALARGA,0,0,0,0,0,1
2021,2,EMPRESA DE TELECOMUNICACIONES DE BOGOTA S.A. ESP,85,CASANARE,85015,CHAMEZA,1,85015000,CHÁMEZA,0,0,0,0,0,0
2021,2,COLOMBIA MOVIL  S.A ESP,66,RISARALDA,66001,PEREIRA,0,66001018,PUERTO CALDAS,1,0,0,0,0,0
2021,1,COMUNICACION CELULAR S A COMCEL S A,68,SANTANDER,68684,SAN JOSÉ DE MIRANDA,1,68684001,SAN JOSÉ DE MIRANDA,1,1,1,1,0,0
2021,2,COMUNICACION CELULAR S A COMCEL S A,23,CÓRDOBA,23580,PUERTO LIBERTADOR,0,23580009,SANTA FÉ LAS CLARAS,1,1,0,0,0,0
2022,2,COLOMBIA TELECOMUNICACIONES S.A. E.S.P.,44,LA GUAJIRA,44001,RIOHACHA,0,44001028,ANAIME,1,0,0,0,0,0
2022,3,COMUNICACION CELULAR S A COMCEL S A,05,ANTIOQUIA,05147,CAREPA,0,05147003,PIEDRAS BLANCAS,1,1,1,0,0,1
2021,3,COLOMBIA TELECOMUNICACIONES S.A. E.S.P.,05,ANTIOQUIA,05038,ANGOSTURA,1,05038000,ANGOSTURA,0,0,0,0,0,1
2021,3,COLOMBIA TELECOMUNICACIONES S.A. E.S.P.,05,ANTIOQUIA,05658,SAN JOSÉ DE LA MONTAÑA,1,05658000,SAN JOSÉ DE LA MONTAÑA,0,0,0,0,0,1
2022,2,COMUNICACION CELULAR S A COMCEL S A,08,ATLÁNTICO,08634,SABANAGRANDE,1,08634000,SABANAGRANDE,1,1,1,0,0,1
2022,4,COLOMBIA TELECOMUNICACIONES S.A. E.S.P.,23,CÓRDOBA,23815,TUCHÍN,0,23815014,BELLA VISTA,1,0,0,0,0,0
2022,3,AVANTEL S.A.S,27,CHOCÓ,27495,NUQUÍ,1,27495000,NUQUÍ,1,1,1,0,0,0
2022,2,COMUNICACION CELULAR S A COMCEL S A,15,BOYACÁ,15500,OICATÁ,1,15500000,OICATÁ,1,1,1,0,0,1
2021,3,COMUNICACION CELULAR S A COMCEL S A,68,SANTANDER,68406,LEBRIJA,0,68406026,CONDOMINIO VILLAS DE PALO NEGRO,1,1,1,0,0,1
2023,3,COMUNICACION CELULAR S A COMCEL S A,08,ATLÁNTICO,08421,LURUACO,0,08421001,ARROYO DE PIEDRA,1,1,1,0,0,1
2021,1,COLOMBIA MOVIL  S.A ESP,76,VALLE DEL CAUCA,76020,ALCALÁ,1,76020001,ALCALÁ,1,1,1,1,0,0
2022,4,COLOMBIA TELECOMUNICACIONES S.A. E.S.P.,54,NORTE DE SANTANDER,54003,ABREGO,1,54003000,ÁBREGO,1,1,1,0,0,1
2022,1,COMUNICACION CELULAR S A COMCEL S A,54,NORTE DE SANTANDER,54405,LOS PATIOS,0,54405008,LAGOS DE PALUJAN,1,1,1,0,0,1
2021,3,COMUNICACION CELULAR S A COMCEL S A,41,HUILA,41001,NEIVA,0,41001012,VEGALARGA,1,0,0,0,0,0
2023,3,COMUNICACION CELULAR S A COMCEL S A,25,CUNDINAMARCA,25899,ZIPAQUIRÁ,0,25899029,EL CODITO,1,1,1,0,0,1
2021,3,PARTNERS TELECOM COLOMBIA SAS,76,VALLE DEL CAUCA,76520,PALMIRA,1,76520000,PALMIRA,0,1,1,0,0,1
2023,3,COLOMBIA TELECOMUNICACIONES S.A. E.S.P.,13,BOLÍVAR,13001,CARTAGENA,0,13001001,ARROYO DE PIEDRA,1,1,1,0,0,0
2022,3,PARTNERS TELECOM COLOMBIA SAS,05,ANTIOQUIA,05659,SAN JUAN DE URABÁ,0,0,SIN CENTRO POBLADO,0,0,0,0,0,1
2022,2,COMUNICACION CELULAR S A COMCEL S A,25,CUNDINAMARCA,25572,PUERTO SALGAR,0,25572003,PUERTO LIBRE,1,1,1,0,0,1
2021,3,COMUNICACION CELULAR S A COMCEL S A,23,CÓRDOBA,23300,COTORRA,0,23300007,VILLA NUEVA,1,1,1,0,0,1
2022,3,COLOMBIA MOVIL  S.A ESP,23,CÓRDOBA,23682,SAN JOSÉ DE URÉ,0,23682006,VERSALLES,0,0,0,0,0,1
2021,1,COMUNICACION CELULAR S A COMCEL S A,85,CASANARE,85250,PAZ DE ARIPORO,0,85250002,CENTRO GAITÁN,1,1,0,0,0,0
2023,3,COMUNICACION CELULAR S A COMCEL S A,68,SANTANDER,68547,PIEDECUESTA,0,68547021,ALTAMIRA,1,1,1,0,0,1
2021,1,COMUNICACION CELULAR S A COMCEL S A,23,CÓRDOBA,23189,CIÉNAGA DE ORO,0,23189023,SAN ANTONIO DEL TÁCHIRA,1,1,1,0,0,0
2022,4,COLOMBIA MOVIL  S.A ESP,08,ATLÁNTICO,08433,MALAMBO,1,08433000,MALAMBO,0,1,1,0,0,1
2022,2,COMUNICACION CELULAR S A COMCEL S A,05,ANTIOQUIA,05501,OLAYA,0,05501004,QUEBRADA SECA,1,1,1,0,0,1
2021,2,COLOMBIA TELECOMUNICACIONES S.A. E.S.P.,68,SANTANDER,68101,BOLÍVAR,1,68101000,BOLÍVAR,1,1,0,0,0,1
2022,4,COLOMBIA MOVIL  S.A ESP,70,SUCRE,70233,EL ROBLE,1,70233000,EL ROBLE,0,1,1,0,0,1
2023,1,COMUNICACION CELULAR S A COMCEL S A,70,SUCRE,70204,COLOSO,1,70204000,RICAURTE (COLOSO),1,1,1,0,0,1
2021,4,COMUNICACION CELULAR S A COMCEL S A,41,HUILA,41872,VILLAVIEJA,0,41872004,POLONIA,1,1,1,0,0,0
2021,4,COMUNICACION CELULAR S A COMCEL S A,50,META,50006,ACACÍAS,1,50006000,ACACÍAS,1,1,1,0,0,1
2021,4,COMUNICACION CELULAR S A COMCEL S A,19,CAUCA,19075,BALBOA,0,19075008,LA LOMITA,1,0,0,0,0,0
2021,3,COMUNICACION CELULAR S A COMCEL S A,19,CAUCA,19397,LA VEGA,0,19397001,ALTAMIRA,1,1,1,0,0,0
2022,4,COMUNICACION CELULAR S A COMCEL S A,20,CESAR,20175,CHIMICHAGUA,0,20175004,CANDELARIA,1,1,1,0,0,1
2022,1,COMUNICACION CELULAR S A COMCEL S A,70,SUCRE,70221,COVEÑAS,0,70221002,EL REPARO,1,0,0,0,0,0
2021,4,EMPRESA DE TELECOMUNICACIONES DE BOGOTA S.A. ESP,08,ATLÁNTICO,08573,PUERTO COLOMBIA,1,08573000,PUERTO COLOMBIA,1,1,1,0,0,1
2021,3,COMUNICACION CELULAR S A COMCEL S A,68,SANTANDER,68160,CEPITÁ,1,68160000,CEPITÁ,1,1,1,0,0,1
2021,2,COLOMBIA TELECOMUNICACIONES S.A. E.S.P.,52,NARIÑO,52411,LINARES,1,52411000,LINARES,0,1,1,0,0,0
2022,3,COLOMBIA MOVIL  S.A ESP,15,BOYACÁ,15114,BUSBANZÁ,1,15114000,BUSBANZÁ,1,1,1,0,0,1
2023,3,PARTNERS TELECOM COLOMBIA SAS,13,BOLÍVAR,13744,SIMITÍ,1,13744000,SIMITÍ,0,1,1,0,0,1
2023,1,PARTNERS TELECOM COLOMBIA SAS,05,ANTIOQUIA,05659,SAN JUAN DE URABÁ,0,05659003,UVEROS,0,0,0,0,0,1
2023,1,COLOMBIA TELECOMUNICACIONES S.A. E.S.P.,27,CHOCÓ,27150,CARMEN DEL DARIÉN,1,27150000,CURBARADÓ,0,1,1,0,0,0
2023,3,COLOMBIA TELECOMUNICACIONES S.A. E.S.P.,47,MAGDALENA,47053,ARACATACA,0,47053013,SAMPUÉS,1,1,1,0,0,0
2021,3,COMUNICACION CELULAR S A COMCEL S A,73,TOLIMA,73055,ARMERO,0,73055002,MÉNDEZ,1,1,1,0,0,0
2022,4,COMUNICACION CELULAR S A COMCEL S A,23,CÓRDOBA,23001,MONTERÍA,0,23001020,SANTA LUCÍA,1,1,1,0,0,1
2021,2,EMPRESA DE TELECOMUNICACIONES DE BOGOTA S.A. ESP,05,ANTIOQUIA,05360,ITAGUI,1,05360000,ITAGÜÍ,1,1,0,0,0,1
2021,4,COMUNICACION CELULAR S A COMCEL S A,63,QUINDÍO,63190,CIRCASIA,0,63190001,LA POLA,1,0,0,0,0,0
2022,1,COLOMBIA TELECOMUNICACIONES S.A. E.S.P.,70,SUCRE,70713,SAN ONOFRE,1,70713000,SAN ONOFRE,1,1,1,0,0,0
2021,3,COMUNICACION CELULAR S A COMCEL S A,27,CHOCÓ,27660,SAN JOSÉ DEL PALMAR,1,27660000,SAN JOSÉ DEL PALMAR,1,1,1,0,0,1
2022,3,COLOMBIA MOVIL  S.A ESP,73,TOLIMA,73854,VALLE DE SAN JUAN,1,73854000,VALLE DE SAN JUAN,1,1,1,0,0,1
2022,1,COMUNICACION CELULAR S A COMCEL S A,47,MAGDALENA,47245,EL BANCO,0,47245025,BOTILLERO,1,1,1,0,0,0
2021,3,COLOMBIA TELECOMUNICACIONES S.A. E.S.P.,76,VALLE DEL CAUCA,76736,SEVILLA,1,76736000,SEVILLA,1,1,1,0,0,1
2021,1,COMUNICACION CELULAR S A COMCEL S A,54,NORTE DE SANTANDER,54313,GRAMALOTE,0,54313005,LA LOMITA,1,1,1,1,0,0
2022,1,COLOMBIA TELECOMUNICACIONES S.A. E.S.P.,76,VALLE DEL CAUCA,76130,CANDELARIA,0,76130020,DOMINGO LARGO,1,1,1,0,0,1
2023,3,COMUNICACION CELULAR S A COMCEL S A,18,CAQUETA,18150,CARTAGENA DEL CHAIRÁ,1,18150000,CARTAGENA DEL CHAIRÁ,1,1,1,0,0,1
2022,4,COLOMBIA MOVIL  S.A ESP,20,CESAR,20770,SAN MARTÍN,0,20770011,LOS BAGRES,0,0,0,0,0,1
2021,3,EMPRESA DE TELECOMUNICACIONES DE BOGOTA S.A. ESP,05,ANTIOQUIA,05660,SAN LUIS,1,05660000,SAN LUIS,1,1,0,0,0,0
2021,3,COMUNICACION CELULAR S A COMCEL S A,68,SANTANDER,68773,SUCRE,1,68773000,SUCRE,1,1,1,0,0,1
2023,2,COLOMBIA MOVIL  S.A ESP,05,ANTIOQUIA,05789,TÁMESIS,1,05789000,TÁMESIS,0,1,1,0,0,1
2023,3,COMUNICACION CELULAR S A COMCEL S A,08,ATLÁNTICO,08421,LURUACO,0,08421005,SANTA CRUZ,1,1,1,0,0,1
2021,3,COMUNICACION CELULAR S A COMCEL S A,76,VALLE DEL CAUCA,76001,CALI,0,76001004,EL HORMIGUERO,1,1,1,0,0,0
2022,3,PARTNERS TELECOM COLOMBIA SAS,17,CALDAS,17001,MANIZALES,1,17001000,MANIZALES,0,1,1,0,0,1
2022,2,COMUNICACION CELULAR S A COMCEL S A,85,CASANARE,85010,AGUAZUL,0,85010001,CUPIAGUA,1,1,1,0,0,1
2022,2,COLOMBIA TELECOMUNICACIONES S.A. E.S.P.,50,META,50680,SAN CARLOS DE GUAROA,0,50680003,LA PALMERA,1,1,1,0,0,0
2021,2,COLOMBIA TELECOMUNICACIONES S.A. E.S.P.,73,TOLIMA,73678,SAN LUIS,1,73678000,SAN LUIS,1,1,1,0,0,0
2023,2,COLOMBIA MOVIL  S.A ESP,05,ANTIOQUIA,05667,SAN RAFAEL,1,05667000,SAN RAFAEL,0,1,1,0,0,1
2021,3,COLOMBIA MOVIL  S.A ESP,47,MAGDALENA,47245,EL BANCO,0,47245008,EL TRÉBOL,1,0,0,0,0,1
2021,4,EMPRESA DE TELECOMUNICACIONES DE BOGOTA S.A. ESP,54,NORTE DE SANTANDER,54405,LOS PATIOS,0,54405001,LA GARITA,1,0,0,0,0,0
2022,1,COLOMBIA TELECOMUNICACIONES S.A. E.S.P.,68,SANTANDER,68324,GUAVATÁ,1,68324000,GUAVATÁ,1,1,1,0,0,1
2022,4,COMUNICACION CELULAR S A COMCEL S A,41,HUILA,41001,NEIVA,1,41001000,NEIVA,1,1,1,0,0,1
2021,2,AVANTEL S.A.S,19,CAUCA,19809,TIMBIQUÍ,1,19809000,TIMBIQUÍ,1,1,1,0,0,0
2023,2,COLOMBIA TELECOMUNICACIONES S.A. E.S.P.,05,ANTIOQUIA,05483,NARIÑO,1,05483000,NARIÑO,0,0,0,0,0,1
2023,1,COLOMBIA MOVIL  S.A ESP,41,HUILA,41359,ISNOS,1,41359000,SAN JOSÉ DE ISNOS,0,1,1,0,0,1
2021,4,COLOMBIA MOVIL  S.A ESP,19,CAUCA,19001,POPAYÁN,1,19001000,POPAYÁN,1,1,1,0,0,1
2023,3,COLOMBIA TELECOMUNICACIONES S.A. E.S.P.,25,CUNDINAMARCA,25286,FUNZA,0,25286009,TIENDA NUEVA,1,1,0,0,0,0
2023,1,COLOMBIA MOVIL  S.A ESP,05,ANTIOQUIA,05649,SAN CARLOS,0,05649002,SAMANÁ,0,0,0,0,0,1
2023,3,PARTNERS TELECOM COLOMBIA SAS,44,LA GUAJIRA,44855,URUMITA,1,44855000,URUMITA,0,1,1,0,0,1
2021,4,COMUNICACION CELULAR S A COMCEL S A,73,TOLIMA,73236,DOLORES,0,73236005,SAN ANDRÉS,1,1,1,0,0,0
2021,1,COMUNICACION CELULAR S A COMCEL S A,54,NORTE DE SANTANDER,54174,CHITAGÁ,1,54174001,CHITAGÁ,1,1,1,1,0,0
2021,3,COLOMBIA TELECOMUNICACIONES S.A. E.S.P.,20,CESAR,20001,VALLEDUPAR,0,20001014,PATILLAL,1,1,1,0,0,0
2022,1,COMUNICACION CELULAR S A COMCEL S A,66,RISARALDA,66440,MARSELLA,0,66440003,LA ARGENTINA,1,1,1,0,0,1
2022,1,COLOMBIA TELECOMUNICACIONES S.A. E.S.P.,25,CUNDINAMARCA,25785,TABIO,0,25785005,CHICÚ,1,1,1,0,0,1
2021,2,COMUNICACION CELULAR S A COMCEL S A,68,SANTANDER,68575,PUERTO WILCHES,0,68575028,CURUMITA,1,1,0,0,0,1
2021,1,COMUNICACION CELULAR S A COMCEL S A,23,CÓRDOBA,23464,MOMIL,0,23464003,TREMENTINO,1,0,0,0,0,0
2021,2,COMUNICACION CELULAR S A COMCEL S A,47,MAGDALENA,47692,SAN SEBASTIÁN DE BUENAVISTA,0,47692019,PUEBLO NUEVO,0,1,1,0,0,1
2022,4,COMUNICACION CELULAR S A COMCEL S A,08,ATLÁNTICO,08433,MALAMBO,0,08433001,CARACOLÍ,1,1,1,0,0,1
2021,4,PARTNERS TELECOM COLOMBIA SAS,15,BOYACÁ,15696,SANTA SOFÍA,1,15696000,SANTA SOFÍA,0,1,1,0,0,0
2021,3,COLOMBIA MOVIL  S.A ESP,73,TOLIMA,73408,LÉRIDA,1,73408000,LÉRIDA,1,1,1,0,0,1
2021,2,COMUNICACION CELULAR S A COMCEL S A,25,CUNDINAMARCA,25377,LA CALERA,0,25377016,SAN JOSÉ DEL TRIUNFO,1,1,1,0,0,1
2022,3,COMUNICACION CELULAR S A COMCEL S A,05,ANTIOQUIA,05686,SANTA ROSA DE OSOS,1,05686000,SANTA ROSA DE OSOS,1,1,1,0,0,1
2021,2,COMUNICACION CELULAR S A COMCEL S A,68,SANTANDER,68573,PUERTO PARRA,1,68573000,PUERTO PARRA,1,1,1,0,0,1
2022,4,COMUNICACION CELULAR S A COMCEL S A,25,CUNDINAMARCA,25899,ZIPAQUIRÁ,0,25899006,PASOANCHO,1,1,1,0,0,1
2021,4,COMUNICACION CELULAR S A COMCEL S A,68,SANTANDER,68524,PALMAS DEL SOCORRO,1,68524000,PALMAS DEL SOCORRO,1,1,1,0,0,1
2023,2,COMUNICACION CELULAR S A COMCEL S A,66,RISARALDA,66594,QUINCHÍA,0,66594019,VILLA RICA,1,1,1,0,0,1
2021,1,COMUNICACION CELULAR S A COMCEL S A,05,ANTIOQUIA,05659,SAN JUAN DE URABÁ,0,05659003,UVEROS,0,0,0,0,0,0
2022,1,COMUNICACION CELULAR S A COMCEL S A,23,CÓRDOBA,23189,CIÉNAGA DE ORO,0,23189003,LAGUNETA,1,1,1,0,0,0
2023,2,COMUNICACION CELULAR S A COMCEL S A,05,ANTIOQUIA,05045,APARTADÓ,0,05045011,EL SALVADOR,1,1,1,0,0,1
2021,4,COMUNICACION CELULAR S A COMCEL S A,19,CAUCA,19290,FLORENCIA,0,19290001,EL ROSARIO,1,1,1,0,0,1
2022,1,EMPRESA DE TELECOMUNICACIONES DE BOGOTA S.A. ESP,73,TOLIMA,73283,FRESNO,1,73283000,FRESNO,1,1,1,0,0,0
2022,1,COLOMBIA MOVIL  S.A ESP,73,TOLIMA,73675,SAN ANTONIO,1,73675000,SAN ANTONIO,1,1,1,0,0,1
2023,3,COLOMBIA TELECOMUNICACIONES S.A. E.S.P.,44,LA GUAJIRA,44560,MANAURE,0,44560004,SAN ANTONIO,1,1,0,0,0,0
2021,1,COMUNICACION CELULAR S A COMCEL S A,54,NORTE DE SANTANDER,54128,CACHIRÁ,1,54128001,CACHIRÁ,1,1,1,1,0,0
2023,1,COLOMBIA TELECOMUNICACIONES S.A. E.S.P.,23,CÓRDOBA,23672,SAN ANTERO,0,23672021,PLAYA BLANCA,1,0,0,0,0,0
2021,2,COLOMBIA MOVIL  S.A ESP,99,VICHADA,99773,CUMARIBO,1,99773000,CUMARIBO,1,1,1,0,0,0
2022,3,PARTNERS TELECOM COLOMBIA SAS,13,BOLÍVAR,13580,REGIDOR,0,13580006,SANTA LUCÍA,0,0,0,0,0,1
2022,2,COMUNICACION CELULAR S A COMCEL S A,08,ATLÁNTICO,08560,PONEDERA,0,08560001,LA RETIRADA,1,1,1,0,0,1
2023,1,COMUNICACION CELULAR S A COMCEL S A,25,CUNDINAMARCA,25148,CAPARRAPÍ,0,25148010,CAMBULO,1,1,1,0,0,1
2021,1,COLOMBIA MOVIL  S.A ESP,70,SUCRE,70215,COROZAL,0,70215004,CHAPINERO,0,1,1,0,0,0
2023,3,COLOMBIA MOVIL  S.A ESP,15,BOYACÁ,15572,PUERTO BOYACÁ,0,15572027,LA CEIBA,0,0,0,0,0,1
2021,3,COLOMBIA TELECOMUNICACIONES S.A. E.S.P.,76,VALLE DEL CAUCA,76520,PALMIRA,0,76520002,AMAIME,1,1,1,0,0,1
2021,4,AVANTEL S.A.S,68,SANTANDER,68745,SIMACOTA,1,68745000,SIMACOTA,1,1,1,0,0,0
2021,2,COLOMBIA TELECOMUNICACIONES S.A. E.S.P.,19,CAUCA,19517,PAEZ,0,19517015,TALAGA,1,0,0,0,0,0
2021,3,COMUNICACION CELULAR S A COMCEL S A,08,ATLÁNTICO,08606,REPELÓN,0,08606005,VILLA ROSA,1,1,1,0,0,1
2021,2,PARTNERS TELECOM COLOMBIA SAS,05,ANTIOQUIA,05847,URRAO,1,05847000,URRAO,0,1,1,0,0,0
2021,4,COLOMBIA MOVIL  S.A ESP,08,ATLÁNTICO,08078,BARANOA,0,08078002,PITAL,1,1,1,0,0,1
2022,2,PARTNERS TELECOM COLOMBIA SAS,68,SANTANDER,68498,OCAMONTE,1,68498000,OCAMONTE,0,1,1,0,0,0
2022,4,COLOMBIA MOVIL  S.A ESP,68,SANTANDER,68152,CARCASÍ,1,68152000,CARCASÍ,1,1,1,0,0,1
2021,1,COMUNICACION CELULAR S A COMCEL S A,68,SANTANDER,68001,BUCARAMANGA,0,68001017,VIJAGUAL,1,1,1,1,0,0
2021,2,COLOMBIA TELECOMUNICACIONES S.A. E.S.P.,52,NARIÑO,52001,PASTO,0,52001024,SAN JOSÉ,0,1,1,0,0,0
2023,3,COMUNICACION CELULAR S A COMCEL S A,13,BOLÍVAR,13673,SANTA CATALINA,0,13673003,GALERAZAMBA,1,1,1,0,0,1
2023,2,COLOMBIA MOVIL  S.A ESP,73,TOLIMA,73861,VENADILLO,1,73861000,VENADILLO,0,1,1,0,0,1
2023,3,COMUNICACION CELULAR S A COMCEL S A,68,SANTANDER,68502,ONZAGA,0,68502004,CAPILLA DEL CARMEN,1,1,1,0,0,1
2022,3,COLOMBIA TELECOMUNICACIONES S.A. E.S.P.,68,SANTANDER,68872,VILLANUEVA,1,68872000,VILLANUEVA,1,1,1,0,0,1
2022,4,COLOMBIA TELECOMUNICACIONES S.A. E.S.P.,50,META,50568,PUERTO GAITÁN,0,50568007,PUENTE ARIMENA,1,0,0,0,0,0
2021,3,AVANTEL S.A.S,25,CUNDINAMARCA,25797,TENA,1,25797000,TENA,1,1,1,0,0,0
2022,1,COMUNICACION CELULAR S A COMCEL S A,17,CALDAS,17013,AGUADAS,1,17013000,AGUADAS,1,1,1,0,0,1
2023,1,COLOMBIA TELECOMUNICACIONES S.A. E.S.P.,88,"ARCHIPIÉLAGO DE SAN ANDRÉS, PROVIDENCIA Y SANTA CATALINA",88564,PROVIDENCIA,0,88564005,ROCKY POINT,0,1,0,0,0,0
2022,4,COLOMBIA TELECOMUNICACIONES S.A. E.S.P.,15,BOYACÁ,15516,PAIPA,1,15516000,PAIPA,1,1,1,0,0,1
2021,1,COMUNICACION CELULAR S A COMCEL S A,44,LA GUAJIRA,44430,MAICAO,0,44430014,GARRAPATERO,0,0,0,0,0,0
2021,2,COLOMBIA TELECOMUNICACIONES S.A. E.S.P.,05,ANTIOQUIA,05591,PUERTO TRIUNFO,1,05591000,PUERTO TRIUNFO,1,1,0,0,0,1
2021,2,COMUNICACION CELULAR S A COMCEL S A,19,CAUCA,19693,SAN SEBASTIÁN,0,19693004,SANTIAGO,1,0,0,0,0,0
2022,3,AVANTEL S.A.S,76,VALLE DEL CAUCA,76126,CALIMA,1,76126000,DARIÉN,1,1,1,0,0,1
2021,1,AVANTEL S.A.S,85,CASANARE,85315,SÁCAMA,1,85315001,SÁCAMA,0,0,0,0,0,0
2021,3,AVANTEL S.A.S,52,NARIÑO,52215,CÓRDOBA,1,52215000,CÓRDOBA,1,1,1,0,0,0
2021,4,COMUNICACION CELULAR S A COMCEL S A,66,RISARALDA,66170,DOSQUEBRADAS,0,66170008,AGUAZUL,1,0,0,0,0,0
2021,1,COMUNICACION CELULAR S A COMCEL S A,20,CESAR,20710,SAN ALBERTO,0,20710005,LÍBANO,1,1,1,1,0,0
2021,3,COLOMBIA TELECOMUNICACIONES S.A. E.S.P.,25,CUNDINAMARCA,25899,ZIPAQUIRÁ,0,25899026,SANTIAGO PÉREZ,0,1,0,0,0,0
2022,4,COMUNICACION CELULAR S A COMCEL S A,15,BOYACÁ,15861,VENTAQUEMADA,0,15861008,TIERRA NEGRA,1,1,1,0,0,1
2022,3,COMUNICACION CELULAR S A COMCEL S A,25,CUNDINAMARCA,25200,COGUA,0,25200014,SECTOR ZAMORA,1,1,1,0,0,1
2021,2,COMUNICACION CELULAR S A COMCEL S A,05,ANTIOQUIA,05129,CALDAS,0,05129016,SALINAS,1,1,1,0,0,1
2023,3,COLOMBIA TELECOMUNICACIONES S.A. E.S.P.,27,CHOCÓ,27495,NUQUÍ,1,27495000,NUQUÍ,0,1,1,0,0,0
2022,1,COLOMBIA TELECOMUNICACIONES S.A. E.S.P.,17,CALDAS,17524,PALESTINA,1,17524000,PALESTINA,1,1,1,0,0,1
2022,4,COLOMBIA MOVIL  S.A ESP,13,BOLÍVAR,13433,MAHATES,1,13433000,MAHATES,0,1,1,0,0,1
2023,3,COMUNICACION CELULAR S A COMCEL S A,47,MAGDALENA,47288,FUNDACIÓN,0,47288004,SANTA ROSA,1,1,1,0,0,1
2021,2,COLOMBIA TELECOMUNICACIONES S.A. E.S.P.,76,VALLE DEL CAUCA,76001,CALI,0,76001032,MONTAÑITAS (ALTO Y BAJO),0,1,1,0,0,1
2021,1,COMUNICACION CELULAR S A COMCEL S A,68,SANTANDER,68547,PIEDECUESTA,0,68547025,MIRADOR DEL LAGO,1,1,1,1,0,0
2022,3,PARTNERS TELECOM COLOMBIA SAS,50,META,50573,PUERTO LÓPEZ,1,50573000,PUERTO LÓPEZ,0,1,1,0,0,1
2022,1,COMUNICACION CELULAR S A COMCEL S A,73,TOLIMA,73624,ROVIRA,0,73624010,LA SELVA,1,0,0,0,0,0
2021,2,COLOMBIA TELECOMUNICACIONES S.A. E.S.P.,50,META,50689,SAN MARTÍN,1,50689000,SAN MARTÍN,1,1,1,0,0,1
2023,1,COLOMBIA TELECOMUNICACIONES S.A. E.S.P.,20,CESAR,20400,LA JAGUA DE IBIRICO,1,20400000,LA JAGUA DE IBIRICO,1,1,1,0,0,1
2021,3,AVANTEL S.A.S,68,SANTANDER,68855,VALLE DE SAN JOSÉ,1,68855000,VALLE DE SAN JOSÉ,1,1,1,0,0,0
2023,3,COMUNICACION CELULAR S A COMCEL S A,52,NARIÑO,52835,TUMACO - SAN ANDRES DE TUMACO,0,52835116,GUALTAL,1,1,1,0,0,1
2022,1,COMUNICACION CELULAR S A COMCEL S A,05,ANTIOQUIA,05034,ANDES,0,05034006,SANTA RITA,1,1,1,0,0,1
2023,2,COLOMBIA MOVIL  S.A ESP,25,CUNDINAMARCA,25772,SUESCA,0,25772001,HATO GRANDE,0,0,0,0,0,1
2021,2,AVANTEL S.A.S,19,CAUCA,19533,PIAMONTE,1,19533000,PIAMONTE,1,1,1,0,0,0
2023,1,COMUNICACION CELULAR S A COMCEL S A,15,BOYACÁ,15667,SAN LUIS DE GACENO,0,15667004,LA MESA DEL GUAVIO,1,1,1,0,0,1
2021,1,COMUNICACION CELULAR S A COMCEL S A,54,NORTE DE SANTANDER,54261,EL ZULIA,0,54261009,CRISTO REY,1,1,0,1,0,0
2023,3,COMUNICACION CELULAR S A COMCEL S A,05,ANTIOQUIA,05036,ANGELÓPOLIS,0,05036006,SANTA RITA,1,1,1,0,0,1
2023,3,COMUNICACION CELULAR S A COMCEL S A,70,SUCRE,70678,SAN BENITO ABAD,0,70678038,LAS POZAS,0,1,1,0,0,1
2021,3,COMUNICACION CELULAR S A COMCEL S A,08,ATLÁNTICO,08433,MALAMBO,0,08433005,PITALITO,1,1,1,0,0,0
2021,2,COLOMBIA MOVIL  S.A ESP,15,BOYACÁ,15814,TOCA,1,15814000,TOCA,1,1,1,0,0,1
2021,2,COLOMBIA TELECOMUNICACIONES S.A. E.S.P.,54,NORTE DE SANTANDER,54498,OCAÑA,0,54498012,PUEBLO NUEVO,1,1,1,0,0,0
2021,3,COMUNICACION CELULAR S A COMCEL S A,20,CESAR,20001,VALLEDUPAR,0,20001019,CAMPERUCHO,1,1,1,0,0,0
2023,3,COMUNICACION CELULAR S A COMCEL S A,50,META,50313,GRANADA,0,50313006,AGUAS CLARAS,1,1,1,0,0,1
2021,2,COMUNICACION CELULAR S A COMCEL S A,47,MAGDALENA,47205,CONCORDIA,0,47205002,BELLAVISTA,1,1,1,0,0,1
2021,4,COLOMBIA TELECOMUNICACIONES S.A. E.S.P.,23,CÓRDOBA,23660,SAHAGÚN,0,23660031,LA BALSA,0,0,0,0,0,1
2021,4,COMUNICACION CELULAR S A COMCEL S A,17,CALDAS,17867,VICTORIA,0,17867001,CAÑAVERAL,1,1,1,0,0,0
2022,4,COLOMBIA TELECOMUNICACIONES S.A. E.S.P.,23,CÓRDOBA,23672,SAN ANTERO,0,23672028,SAN MARTÍN 2,1,1,1,0,0,1
2021,4,COLOMBIA TELECOMUNICACIONES S.A. E.S.P.,25,CUNDINAMARCA,25899,ZIPAQUIRÁ,0,25899010,APOSENTOS ALTOS,1,1,0,0,0,1
2022,2,AVANTEL S.A.S,13,BOLÍVAR,13042,ARENAL,1,13042000,ARENAL,1,1,1,0,0,1
2021,3,COMUNICACION CELULAR S A COMCEL S A,66,RISARALDA,66001,PEREIRA,0,66001053,ESPERANZA GALICIA,1,1,1,0,0,1
2022,1,COMUNICACION CELULAR S A COMCEL S A,47,MAGDALENA,47703,SAN ZENÓN,0,47703006,PEÑONCITO,1,1,1,0,0,0
2023,1,COLOMBIA MOVIL  S.A ESP,27,CHOCÓ,27025,ALTO BAUDÓ,0,0,SIN CENTRO POBLADO,0,0,0,0,0,1
2022,4,COMUNICACION CELULAR S A COMCEL S A,70,SUCRE,70124,CAIMITO,0,70124011,LA MEJÍA,1,1,1,0,0,0
2021,1,COMUNICACION CELULAR S A COMCEL S A,25,CUNDINAMARCA,25781,SUTATAUSA,0,25781002,LAS PEÑAS,1,1,0,1,0,0
2022,2,COMUNICACION CELULAR S A COMCEL S A,23,CÓRDOBA,23660,SAHAGÚN,0,23660009,MORROCOY,1,0,0,0,0,0
2023,2,COLOMBIA TELECOMUNICACIONES S.A. E.S.P.,13,BOLÍVAR,13001,CARTAGENA,0,13001026,ARROYO DE LAS CANOAS,1,0,0,0,0,0
2022,4,COLOMBIA MOVIL  S.A ESP,05,ANTIOQUIA,05400,LA UNIÓN,1,05400000,LA UNIÓN,0,1,1,0,0,1
2022,3,PARTNERS TELECOM COLOMBIA SAS,97,VAUPÉS,97666,TARAIRA,1,97666000,TARAIRA,0,1,1,0,0,0
2022,3,COMUNICACION CELULAR S A COMCEL S A,25,CUNDINAMARCA,25899,ZIPAQUIRÁ,0,25899012,BOSQUES DE SILECIA,1,1,1,0,0,1
2021,4,COLOMBIA MOVIL  S.A ESP,13,BOLÍVAR,13222,CLEMENCIA,1,13222000,CLEMENCIA,1,1,1,0,0,1
2023,2,COLOMBIA TELECOMUNICACIONES S.A. E.S.P.,23,CÓRDOBA,23855,VALENCIA,0,23855016,MANZANARES,1,0,0,0,0,0
2021,1,COLOMBIA TELECOMUNICACIONES S.A. E.S.P.,68,SANTANDER,68615,RIONEGRO,0,68615031,SAN RAFAEL,1,1,1,0,0,0
2022,1,EMPRESA DE TELECOMUNICACIONES DE BOGOTA S.A. ESP,05,ANTIOQUIA,05658,SAN JOSÉ DE LA MONTAÑA,1,05658000,SAN JOSÉ DE LA MONTAÑA,0,1,1,0,0,0
2021,1,COMUNICACION CELULAR S A COMCEL S A,44,LA GUAJIRA,44001,RIOHACHA,0,44001004,CASCAJALITO,0,0,0,0,0,0
2022,2,COMUNICACION CELULAR S A COMCEL S A,23,CÓRDOBA,23682,SAN JOSÉ DE URÉ,0,23682005,LA DORADA,1,1,1,0,0,0
2021,4,COMUNICACION CELULAR S A COMCEL S A,20,CESAR,20400,LA JAGUA DE IBIRICO,1,20400000,LA JAGUA DE IBIRICO,1,1,1,0,0,1
2021,3,AVANTEL S.A.S,25,CUNDINAMARCA,25436,MANTA,1,25436000,MANTA,1,1,1,0,0,0
2023,1,COLOMBIA MOVIL  S.A ESP,27,CHOCÓ,27075,BAHÍA SOLANO,0,27075004,HUINA,0,0,0,0,0,1
2023,2,COLOMBIA TELECOMUNICACIONES S.A. E.S.P.,15,BOYACÁ,15244,EL COCUY,1,15244000,EL COCUY,1,1,0,0,0,1
2021,3,COLOMBIA TELECOMUNICACIONES S.A. E.S.P.,68,SANTANDER,68573,PUERTO PARRA,1,68573000,PUERTO PARRA,1,1,1,0,0,0
2022,4,COLOMBIA MOVIL  S.A ESP,52,NARIÑO,52001,PASTO,0,52001005,LA LAGUNA,0,1,1,0,0,1
2021,1,COMUNICACION CELULAR S A COMCEL S A,27,CHOCÓ,27600,RÍO QUITO,0,27600011,LOMA DE LOS GAMBOA,0,0,0,0,0,0
2023,1,COMUNICACION CELULAR S A COMCEL S A,66,RISARALDA,66383,LA CELIA,1,66383000,LA CELIA,1,1,1,0,0,1
2023,2,COMUNICACION CELULAR S A COMCEL S A,47,MAGDALENA,47053,ARACATACA,0,47053001,BUENOS AIRES,1,1,1,0,0,1
2021,3,COMUNICACION CELULAR S A COMCEL S A,17,CALDAS,17013,AGUADAS,0,17013017,PORE,0,1,1,0,0,1
2022,3,PARTNERS TELECOM COLOMBIA SAS,08,ATLÁNTICO,08770,SUAN,1,08770000,SUAN,0,1,1,0,0,1
2022,2,PARTNERS TELECOM COLOMBIA SAS,05,ANTIOQUIA,05306,GIRALDO,1,05306000,GIRALDO,0,1,1,0,0,0
2021,1,COMUNICACION CELULAR S A COMCEL S A,13,BOLÍVAR,13654,SAN JACINTO,0,13654008,LAS MERCEDES,0,0,0,0,0,0
2023,1,PARTNERS TELECOM COLOMBIA SAS,68,SANTANDER,68684,SAN JOSÉ DE MIRANDA,1,68684000,SAN JOSÉ DE MIRANDA,0,1,1,0,0,0
2022,3,COMUNICACION CELULAR S A COMCEL S A,54,NORTE DE SANTANDER,54498,OCAÑA,0,54498006,BUENAVISTA,1,1,1,0,0,1
2023,1,COMUNICACION CELULAR S A COMCEL S A,81,ARAUCA,81065,ARAUQUITA,0,81065001,CARRETERO,0,1,1,0,0,0
2022,4,COLOMBIA MOVIL  S.A ESP,13,BOLÍVAR,13062,ARROYOHONDO,0,13062001,MACHADO,0,0,0,0,0,1
2021,1,COMUNICACION CELULAR S A COMCEL S A,20,CESAR,20228,CURUMANÍ,0,20228012,CHINELA,1,1,1,1,0,0
2021,3,COMUNICACION CELULAR S A COMCEL S A,86,PUTUMAYO,86885,VILLAGARZÓN,1,86885000,VILLAGARZÓN,1,1,1,0,0,1
2021,4,COLOMBIA MOVIL  S.A ESP,63,QUINDÍO,63302,GÉNOVA,1,63302000,GÉNOVA,1,1,1,0,0,1
2022,4,PARTNERS TELECOM COLOMBIA SAS,47,MAGDALENA,47745,SITIONUEVO,1,47745000,SITIONUEVO,0,1,1,0,0,1
2021,2,COMUNICACION CELULAR S A COMCEL S A,15,BOYACÁ,15814,TOCA,1,15814000,TOCA,1,1,1,0,0,1
2021,2,COMUNICACION CELULAR S A COMCEL S A,70,SUCRE,70001,SINCELEJO,0,0,SANTA CRUZ,1,0,0,0,0,0
2023,1,PARTNERS TELECOM COLOMBIA SAS,66,RISARALDA,66572,PUEBLO RICO,1,66572000,PUEBLO RICO,0,1,1,0,0,1
2023,3,COLOMBIA TELECOMUNICACIONES S.A. E.S.P.,05,ANTIOQUIA,05483,NARIÑO,1,05483000,NARIÑO,0,0,0,0,0,1
2022,2,COLOMBIA MOVIL  S.A ESP,76,VALLE DEL CAUCA,76041,ANSERMANUEVO,1,76041000,ANSERMANUEVO,1,1,1,0,0,1
2021,4,COLOMBIA TELECOMUNICACIONES S.A. E.S.P.,08,ATLÁNTICO,08558,POLONUEVO,1,08558000,POLONUEVO,1,1,1,0,0,1
2022,2,COMUNICACION CELULAR S A COMCEL S A,15,BOYACÁ,15518,PAJARITO,0,15518001,CORINTO,1,1,1,0,0,1
2022,3,PARTNERS TELECOM COLOMBIA SAS,47,MAGDALENA,47245,EL BANCO,1,47245000,EL BANCO,0,1,1,0,0,1
2022,2,COMUNICACION CELULAR S A COMCEL S A,17,CALDAS,17013,AGUADAS,0,17013011,SAN NICOLÁS,0,1,1,0,0,1
2022,2,COMUNICACION CELULAR S A COMCEL S A,23,CÓRDOBA,23574,PUERTO ESCONDIDO,0,23574006,SAN LUIS,1,1,1,0,0,1
2021,2,COMUNICACION CELULAR S A COMCEL S A,41,HUILA,41791,TARQUI,0,41791002,MAITO,1,1,1,0,0,0
2022,1,COLOMBIA MOVIL  S.A ESP,08,ATLÁNTICO,08606,REPELÓN,0,08606004,ROTINET,1,1,1,0,0,1
2023,1,PARTNERS TELECOM COLOMBIA SAS,68,SANTANDER,68307,GIRÓN,0,68307007,ACAPULCO,0,1,1,0,0,1
2021,1,COMUNICACION CELULAR S A COMCEL S A,76,VALLE DEL CAUCA,76130,CANDELARIA,0,76130023,TRES TUSAS,0,0,0,0,0,0
2022,1,COLOMBIA TELECOMUNICACIONES S.A. E.S.P.,73,TOLIMA,73624,ROVIRA,1,73624000,ROVIRA,1,1,1,0,0,1
2022,2,COMUNICACION CELULAR S A COMCEL S A,05,ANTIOQUIA,05792,TARSO,0,05792006,EL CEDRÓN,1,1,1,0,0,1
2023,2,COMUNICACION CELULAR S A COMCEL S A,54,NORTE DE SANTANDER,54743,SILOS,0,54743003,LOS RINCÓN,1,0,0,0,0,0
2022,1,COLOMBIA MOVIL  S.A ESP,41,HUILA,41206,COLOMBIA,1,41206000,COLOMBIA,1,1,1,0,0,1
2022,4,COMUNICACION CELULAR S A COMCEL S A,73,TOLIMA,73624,ROVIRA,1,73624000,ROVIRA,1,1,1,0,0,1
2021,4,EMPRESA DE TELECOMUNICACIONES DE BOGOTA S.A. ESP,19,CAUCA,19548,PIENDAMÓ - TUNÍA,0,19548001,TUNÍA,1,1,1,0,0,0
2021,1,COMUNICACION CELULAR S A COMCEL S A,17,CALDAS,17442,MARMATO,0,17442003,SAN JUAN,1,1,1,0,0,0
2022,2,COLOMBIA MOVIL  S.A ESP,81,ARAUCA,81736,SARAVENA,0,81736008,PUERTO NARIÑO,1,0,0,0,0,1
2022,4,COMUNICACION CELULAR S A COMCEL S A,76,VALLE DEL CAUCA,76130,CANDELARIA,0,76130007,JUANCHITO,1,1,1,0,0,1
2023,3,PARTNERS TELECOM COLOMBIA SAS,13,BOLÍVAR,13001,CARTAGENA,0,13001012,SANTA ANA,0,1,1,0,0,1
2023,1,PARTNERS TELECOM COLOMBIA SAS,41,HUILA,41319,GUADALUPE,1,41319000,GUADALUPE,0,1,1,0,0,1
2023,3,COLOMBIA TELECOMUNICACIONES S.A. E.S.P.,19,CAUCA,19001,POPAYÁN,0,19001026,SAMUEL SILVERIO,0,1,1,0,0,0
2022,1,COMUNICACION CELULAR S A COMCEL S A,20,CESAR,20001,VALLEDUPAR,0,20001048,RAMALITO,1,0,0,0,0,0
2022,1,PARTNERS TELECOM COLOMBIA SAS,15,BOYACÁ,15806,TIBASOSA,1,15806000,TIBASOSA,0,1,1,0,0,0
2021,2,COMUNICACION CELULAR S A COMCEL S A,44,LA GUAJIRA,44650,SAN JUAN DEL CESAR,0,44650007,GUAYACANAL,1,1,1,0,0,1
2022,2,COLOMBIA MOVIL  S.A ESP,47,MAGDALENA,47205,CONCORDIA,0,47205001,BÁLSAMO,0,1,1,0,0,0
2023,2,COMUNICACION CELULAR S A COMCEL S A,70,SUCRE,70230,CHALÁN,0,70230006,MONTEBELLO,1,1,1,0,0,1
2021,2,AVANTEL S.A.S,05,ANTIOQUIA,05091,BETANIA,1,05091000,BETANIA,1,1,1,0,0,0
2021,1,COMUNICACION CELULAR S A COMCEL S A,52,NARIÑO,52835,TUMACO - SAN ANDRES DE TUMACO,0,52835115,GUACHAL,0,0,0,0,0,0
2022,2,AVANTEL S.A.S,25,CUNDINAMARCA,25245,EL COLEGIO,1,25245000,EL COLEGIO,1,1,1,0,0,1
2023,3,COMUNICACION CELULAR S A COMCEL S A,19,CAUCA,19130,CAJIBÍO,0,19130022,URBANIZACIÓN LAS MARGARITAS,1,0,0,0,0,0
2021,3,COMUNICACION CELULAR S A COMCEL S A,76,VALLE DEL CAUCA,76001,CALI,0,76001003,GOLONDRINAS,1,1,1,0,0,1
2021,1,COLOMBIA TELECOMUNICACIONES S.A. E.S.P.,50,META,50124,CABUYARO,1,50124001,CABUYARO,1,1,1,0,0,0
2023,2,COMUNICACION CELULAR S A COMCEL S A,68,SANTANDER,68081,BARRANCABERMEJA,0,68081001,EL CENTRO,1,1,1,0,0,1
2022,4,COLOMBIA TELECOMUNICACIONES S.A. E.S.P.,13,BOLÍVAR,13440,MARGARITA,0,13440010,SAN JOSÉ DE LOS TRAPICHES,1,0,0,0,0,0
2023,2,COLOMBIA MOVIL  S.A ESP,08,ATLÁNTICO,08634,SABANAGRANDE,1,08634000,SABANAGRANDE,0,1,1,0,0,1
2022,3,PARTNERS TELECOM COLOMBIA SAS,52,NARIÑO,52490,OLAYA HERRERA,1,52490000,BOCAS DE SATINGA,0,1,1,0,0,1
2023,3,COMUNICACION CELULAR S A COMCEL S A,70,SUCRE,70771,SUCRE,0,70771016,NARIÑO,0,0,0,0,0,1
2023,3,COLOMBIA MOVIL  S.A ESP,23,CÓRDOBA,23079,BUENAVISTA,0,23079017,COYONGO,0,0,0,0,0,1
2023,3,COMUNICACION CELULAR S A COMCEL S A,85,CASANARE,85162,MONTERREY,0,85162008,LA ESTRELLA,1,1,1,0,0,0
2021,1,COLOMBIA MOVIL  S.A ESP,76,VALLE DEL CAUCA,76497,OBANDO,1,76497001,OBANDO,1,1,1,0,0,0
2021,4,COLOMBIA TELECOMUNICACIONES S.A. E.S.P.,13,BOLÍVAR,13468,SANTA CRUZ DE MOMPOX,0,13468015,LOMA DE SIMÓN,1,0,0,0,0,0
2021,4,COMUNICACION CELULAR S A COMCEL S A,25,CUNDINAMARCA,25377,LA CALERA,0,25377014,MÁRQUEZ,1,1,1,0,0,1
2022,1,COLOMBIA MOVIL  S.A ESP,25,CUNDINAMARCA,25181,CHOACHÍ,0,25181003,POTRERO GRANDE,0,0,0,0,0,1
2022,4,PARTNERS TELECOM COLOMBIA SAS,44,LA GUAJIRA,44420,LA JAGUA DEL PILAR,1,44420000,LA JAGUA DEL PILAR,0,1,1,0,0,1
2022,1,COLOMBIA TELECOMUNICACIONES S.A. E.S.P.,76,VALLE DEL CAUCA,76100,BOLÍVAR,0,76100010,RICAURTE,0,1,1,0,0,0
2022,1,COMUNICACION CELULAR S A COMCEL S A,05,ANTIOQUIA,05652,SAN FRANCISCO,0,05652001,AQUITANIA,1,0,0,0,0,0
2021,2,COLOMBIA TELECOMUNICACIONES S.A. E.S.P.,23,CÓRDOBA,23001,MONTERÍA,0,23001036,BOCA DE LA CEIBA,1,0,0,0,0,0
2022,4,COLOMBIA TELECOMUNICACIONES S.A. E.S.P.,08,ATLÁNTICO,08573,PUERTO COLOMBIA,0,08573002,SALGAR,1,1,1,0,0,0
2022,2,COLOMBIA TELECOMUNICACIONES S.A. E.S.P.,54,NORTE DE SANTANDER,54239,DURANIA,1,54239000,DURANIA,0,0,0,0,0,1
2021,1,COMUNICACION CELULAR S A COMCEL S A,76,VALLE DEL CAUCA,76111,GUADALAJARA DE BUGA,0,76111012,QUEBRADASECA,0,0,0,0,0,0
2023,2,COLOMBIA TELECOMUNICACIONES S.A. E.S.P.,05,ANTIOQUIA,05318,GUARNE,1,05318000,GUARNE,1,1,1,0,0,1
2021,4,COLOMBIA TELECOMUNICACIONES S.A. E.S.P.,25,CUNDINAMARCA,25290,FUSAGASUGÁ,0,25290015,RIO BLANCO -LOS PUENTES,1,1,1,0,0,1
2023,2,COLOMBIA TELECOMUNICACIONES S.A. E.S.P.,41,HUILA,41001,NEIVA,0,41001001,CAGUÁN,1,1,1,0,0,1
2021,2,COMUNICACION CELULAR S A COMCEL S A,68,SANTANDER,68684,SAN JOSÉ DE MIRANDA,0,68684009,VILLA JARDÍN,1,1,1,0,0,1
2023,2,PARTNERS TELECOM COLOMBIA SAS,25,CUNDINAMARCA,25290,FUSAGASUGÁ,0,25290016,CHINAUTA,0,1,1,0,0,1
2021,3,EMPRESA DE TELECOMUNICACIONES DE BOGOTA S.A. ESP,25,CUNDINAMARCA,25286,FUNZA,1,25286000,FUNZA,1,1,0,0,0,1
2022,2,COMUNICACION CELULAR S A COMCEL S A,05,ANTIOQUIA,05631,SABANETA,1,05631000,SABANETA,1,1,1,0,0,1
2023,3,COLOMBIA TELECOMUNICACIONES S.A. E.S.P.,76,VALLE DEL CAUCA,76834,TULUÁ,0,76834016,NARIÑO,0,1,1,0,0,1
2021,4,AVANTEL S.A.S,54,NORTE DE SANTANDER,54313,GRAMALOTE,1,54313000,GRAMALOTE,1,1,1,0,0,0
2022,1,EMPRESA DE TELECOMUNICACIONES DE BOGOTA S.A. ESP,15,BOYACÁ,15638,SÁCHICA,1,15638000,SÁCHICA,1,1,1,0,0,0
2022,2,COLOMBIA MOVIL  S.A ESP,50,META,50313,GRANADA,1,50313000,GRANADA,1,1,1,0,0,1
2021,1,COLOMBIA TELECOMUNICACIONES S.A. E.S.P.,15,BOYACÁ,15806,TIBASOSA,1,15806001,TIBASOSA,1,1,0,0,0,0
2021,3,COMUNICACION CELULAR S A COMCEL S A,05,ANTIOQUIA,05360,ITAGUI,1,05360000,ITAGÜÍ,1,1,1,0,0,1
2022,1,PARTNERS TELECOM COLOMBIA SAS,25,CUNDINAMARCA,25398,LA PEÑA,1,25398000,LA PEÑA,0,1,1,0,0,0
2022,2,COMUNICACION CELULAR S A COMCEL S A,27,CHOCÓ,27580,RÍO IRÓ,1,27580000,SANTA RITA,1,1,1,0,0,1
2023,2,COMUNICACION CELULAR S A COMCEL S A,85,CASANARE,85010,AGUAZUL,0,85010015,PLAN BRISAS,1,1,1,0,0,1
2021,2,PARTNERS TELECOM COLOMBIA SAS,66,RISARALDA,66170,DOSQUEBRADAS,1,66170000,DOSQUEBRADAS,0,1,1,0,0,0
2023,3,COMUNICACION CELULAR S A COMCEL S A,17,CALDAS,17433,MANZANARES,1,17433000,MANZANARES,1,1,1,0,0,1
2021,3,COMUNICACION CELULAR S A COMCEL S A,13,BOLÍVAR,13006,ACHÍ,1,13006000,ACHÍ,1,1,1,0,0,1
2022,3,COLOMBIA MOVIL  S.A ESP,13,BOLÍVAR,13030,ALTOS DEL ROSARIO,0,13030001,EL RUBIO,0,0,0,0,0,1
2022,4,COMUNICACION CELULAR S A COMCEL S A,23,CÓRDOBA,23001,MONTERÍA,0,23001054,AGUA VIVAS,1,1,1,0,0,0
2022,1,COMUNICACION CELULAR S A COMCEL S A,23,CÓRDOBA,23678,SAN CARLOS,0,23678002,CARRIZAL,1,1,1,0,0,0
2022,4,COMUNICACION CELULAR S A COMCEL S A,68,SANTANDER,68655,SABANA DE TORRES,0,68655001,LA GÓMEZ,1,1,1,0,0,1
2023,3,PARTNERS TELECOM COLOMBIA SAS,25,CUNDINAMARCA,25653,SAN CAYETANO,1,25653000,PUEBLO NUEVO,0,1,1,0,0,0
2022,1,PARTNERS TELECOM COLOMBIA SAS,68,SANTANDER,68547,PIEDECUESTA,1,68547000,PIEDECUESTA,0,1,1,0,0,1
2022,3,COMUNICACION CELULAR S A COMCEL S A,47,MAGDALENA,47245,EL BANCO,0,47245008,EL TRÉBOL,1,1,1,0,0,0
2021,4,COLOMBIA TELECOMUNICACIONES S.A. E.S.P.,25,CUNDINAMARCA,25154,CARMEN DE CARUPA,1,25154000,CARMEN DE CARUPA,0,1,0,0,0,1
2021,3,AVANTEL S.A.S,73,TOLIMA,73030,AMBALEMA,1,73030000,AMBALEMA,1,1,1,0,0,0
2021,3,COMUNICACION CELULAR S A COMCEL S A,63,QUINDÍO,63001,ARMENIA,1,63001000,ARMENIA,1,1,1,0,0,1
2022,3,COLOMBIA MOVIL  S.A ESP,44,LA GUAJIRA,44420,LA JAGUA DEL PILAR,1,44420000,LA JAGUA DEL PILAR,1,1,1,0,0,1
2022,1,COLOMBIA TELECOMUNICACIONES S.A. E.S.P.,25,CUNDINAMARCA,25438,MEDINA,1,25438000,MEDINA,1,1,1,0,0,0
2023,3,COLOMBIA TELECOMUNICACIONES S.A. E.S.P.,76,VALLE DEL CAUCA,76001,CALI,0,76001054,PARCELACION CANTACLARO 2,0,1,1,0,0,0
2022,1,COLOMBIA TELECOMUNICACIONES S.A. E.S.P.,25,CUNDINAMARCA,25535,PASCA,1,25535000,PASCA,1,1,1,0,0,1
2022,1,PARTNERS TELECOM COLOMBIA SAS,70,SUCRE,70429,MAJAGUAL,0,70429014,SINCELEJITO,0,0,0,0,0,1
2021,3,COLOMBIA TELECOMUNICACIONES S.A. E.S.P.,15,BOYACÁ,15837,TUTA,1,15837000,TUTA,1,1,0,0,0,1
2021,1,COMUNICACION CELULAR S A COMCEL S A,76,VALLE DEL CAUCA,76001,CALI,0,76001009,LA PAZ,1,1,1,0,0,0
2023,3,COLOMBIA TELECOMUNICACIONES S.A. E.S.P.,25,CUNDINAMARCA,25126,CAJICÁ,0,25126021,VERDE VIVO,1,1,0,0,0,1
2021,2,COMUNICACION CELULAR S A COMCEL S A,76,VALLE DEL CAUCA,76563,PRADERA,1,76563000,PRADERA,1,1,1,0,0,1
2021,1,COLOMBIA MOVIL  S.A ESP,13,BOLÍVAR,13212,CÓRDOBA,1,13212001,CÓRDOBA,1,1,1,1,0,0
2023,3,COLOMBIA TELECOMUNICACIONES S.A. E.S.P.,52,NARIÑO,52250,EL CHARCO,1,52250000,EL CHARCO,1,1,1,0,0,0
2022,2,COMUNICACION CELULAR S A COMCEL S A,66,RISARALDA,66170,DOSQUEBRADAS,0,66170008,AGUAZUL,1,0,0,0,0,0
2022,2,COMUNICACION CELULAR S A COMCEL S A,66,RISARALDA,66001,PEREIRA,0,66001046,CARACOL LA CURVA,1,1,1,0,0,1
2022,3,COLOMBIA TELECOMUNICACIONES S.A. E.S.P.,47,MAGDALENA,47245,EL BANCO,0,47245007,EL CERRITO,1,0,0,0,0,0
2021,1,COMUNICACION CELULAR S A COMCEL S A,66,RISARALDA,66001,PEREIRA,0,66001016,MUNDO NUEVO,1,1,1,1,0,0
2022,4,PARTNERS TELECOM COLOMBIA SAS,54,NORTE DE SANTANDER,54398,LA PLAYA,1,54398000,LA PLAYA,0,1,1,0,0,0
2021,4,EMPRESA DE TELECOMUNICACIONES DE BOGOTA S.A. ESP,25,CUNDINAMARCA,25488,NILO,1,25488000,NILO,0,1,1,0,0,0
2021,3,COLOMBIA TELECOMUNICACIONES S.A. E.S.P.,20,CESAR,20013,AGUSTÍN CODAZZI,0,20013002,CASACAZA,0,0,0,0,0,1
2021,1,COMUNICACION CELULAR S A COMCEL S A,70,SUCRE,70204,COLOSO,0,70204009,CORAZA,1,1,1,0,0,0
2022,2,COMUNICACION CELULAR S A COMCEL S A,50,META,50226,CUMARAL,1,50226000,CUMARAL,1,1,1,0,0,1
2022,1,AVANTEL S.A.S,18,CAQUETA,18205,CURILLO,1,18205000,CURILLO,1,1,1,0,0,1
2022,3,AVANTEL S.A.S,68,SANTANDER,68322,GUAPOTÁ,1,68322000,GUAPOTÁ,1,1,1,0,0,0
2021,4,PARTNERS TELECOM COLOMBIA SAS,15,BOYACÁ,15837,TUTA,1,15837000,TUTA,0,1,1,0,0,0
2021,4,COLOMBIA TELECOMUNICACIONES S.A. E.S.P.,70,SUCRE,70001,SINCELEJO,0,0,LAS PALMAS,1,1,0,0,0,0
2022,3,COLOMBIA MOVIL  S.A ESP,76,VALLE DEL CAUCA,76233,DAGUA,1,76233000,DAGUA,1,1,1,0,0,1
2022,1,COLOMBIA MOVIL  S.A ESP,97,VAUPÉS,97666,TARAIRA,1,97666000,TARAIRA,1,1,1,0,0,0
2023,1,COMUNICACION CELULAR S A COMCEL S A,85,CASANARE,85440,VILLANUEVA,0,85440001,CARIBAYONA,1,1,1,0,0,1
2022,1,COLOMBIA TELECOMUNICACIONES S.A. E.S.P.,20,CESAR,20011,AGUACHICA,1,20011000,AGUACHICA,1,1,1,0,0,1
2022,2,PARTNERS TELECOM COLOMBIA SAS,17,CALDAS,17877,VITERBO,1,17877000,VITERBO,0,1,1,0,0,1
2021,3,COLOMBIA MOVIL  S.A ESP,27,CHOCÓ,27430,MEDIO BAUDÓ,1,27430000,PUERTO MELUK,1,1,1,0,0,1
2023,2,COMUNICACION CELULAR S A COMCEL S A,13,BOLÍVAR,13062,ARROYOHONDO,0,13062004,SATO,1,1,0,0,0,0
2022,4,COLOMBIA TELECOMUNICACIONES S.A. E.S.P.,25,CUNDINAMARCA,25126,CAJICÁ,0,25126015,CHUNTAME ENTRADA A VICENTE LEÓN,1,1,1,0,0,1
2021,1,COLOMBIA TELECOMUNICACIONES S.A. E.S.P.,63,QUINDÍO,63130,CALARCA,0,63130001,BARCELONA,1,1,0,0,0,0
2021,1,COMUNICACION CELULAR S A COMCEL S A,76,VALLE DEL CAUCA,76520,PALMIRA,0,76520048,TRES TUSAS,0,0,0,0,0,0
2021,1,COMUNICACION CELULAR S A COMCEL S A,76,VALLE DEL CAUCA,76248,EL CERRITO,0,76248011,TENERIFE,0,0,0,0,0,0
2022,2,AVANTEL S.A.S,86,PUTUMAYO,86573,PUERTO LEGUÍZAMO,1,86573000,PUERTO LEGUÍZAMO,1,1,1,0,0,0
2022,2,COLOMBIA TELECOMUNICACIONES S.A. E.S.P.,52,NARIÑO,52352,ILES,1,52352000,ILES,1,1,1,0,0,1
2022,4,COLOMBIA TELECOMUNICACIONES S.A. E.S.P.,15,BOYACÁ,15660,SAN EDUARDO,1,15660000,SAN EDUARDO,0,0,0,0,0,1
2022,4,COLOMBIA TELECOMUNICACIONES S.A. E.S.P.,76,VALLE DEL CAUCA,76364,JAMUNDÍ,0,76364026,GATO DE MONTE,1,1,1,0,0,1
2022,4,PARTNERS TELECOM COLOMBIA SAS,76,VALLE DEL CAUCA,76111,GUADALAJARA DE BUGA,1,76111000,GUADALAJARA DE BUGA,0,1,1,0,0,1
2021,3,COLOMBIA TELECOMUNICACIONES S.A. E.S.P.,70,SUCRE,70221,COVEÑAS,0,70221004,PUNTA SECA,1,1,0,0,0,1
2021,1,COMUNICACION CELULAR S A COMCEL S A,13,BOLÍVAR,13006,ACHÍ,0,13006003,BUENAVISTA,1,1,1,0,0,0
2022,1,COMUNICACION CELULAR S A COMCEL S A,05,ANTIOQUIA,05079,BARBOSA,0,05079018,EL PARAISO,1,1,1,0,0,1
2021,1,COMUNICACION CELULAR S A COMCEL S A,27,CHOCÓ,27001,QUIBDÓ,0,27001020,SAN RAFAEL DE NEGUA,0,0,0,0,0,0
2022,2,COLOMBIA MOVIL  S.A ESP,25,CUNDINAMARCA,25286,FUNZA,1,25286000,FUNZA,1,1,1,0,0,1
2021,4,AVANTEL S.A.S,15,BOYACÁ,15106,BRICEÑO,1,15106000,BRICEÑO,1,1,1,0,0,0
2021,2,COLOMBIA TELECOMUNICACIONES S.A. E.S.P.,76,VALLE DEL CAUCA,76890,YOTOCO,0,76890009,SAN ANTONIO DE PIEDRAS,0,1,1,0,0,0
2021,2,COMUNICACION CELULAR S A COMCEL S A,23,CÓRDOBA,23815,TUCHÍN,0,23815023,LOVERAN,1,1,1,0,0,0
2022,4,COLOMBIA TELECOMUNICACIONES S.A. E.S.P.,25,CUNDINAMARCA,25489,NIMAIMA,1,25489000,NIMAIMA,0,1,0,0,0,1
2022,3,COLOMBIA TELECOMUNICACIONES S.A. E.S.P.,08,ATLÁNTICO,08421,LURUACO,0,08421004,SAN JUAN DE TOCAGUA,1,0,0,0,0,0
2022,2,COLOMBIA MOVIL  S.A ESP,25,CUNDINAMARCA,25335,GUAYABETAL,1,25335000,GUAYABETAL,1,1,1,0,0,1
2023,3,COLOMBIA TELECOMUNICACIONES S.A. E.S.P.,08,ATLÁNTICO,08001,BARRANQUILLA,1,08001000,BARRANQUILLA,1,1,1,0,0,1
2023,2,COLOMBIA TELECOMUNICACIONES S.A. E.S.P.,44,LA GUAJIRA,44001,RIOHACHA,0,44001025,PELECHUA,1,0,0,0,0,0
2021,1,COLOMBIA TELECOMUNICACIONES S.A. E.S.P.,54,NORTE DE SANTANDER,54001,SAN JOSÉ DE CÚCUTA,0,54001045,PUERTO LLERAS,1,0,0,0,0,0
2023,2,COLOMBIA TELECOMUNICACIONES S.A. E.S.P.,76,VALLE DEL CAUCA,76233,DAGUA,0,76233011,EL QUEREMAL,1,1,1,0,0,0
2021,4,COLOMBIA MOVIL  S.A ESP,85,CASANARE,85015,CHAMEZA,1,85015000,CHÁMEZA,1,1,1,0,0,1
2021,2,COMUNICACION CELULAR S A COMCEL S A,86,PUTUMAYO,86571,PUERTO GUZMÁN,0,86571006,SAN ROQUE,1,0,0,0,0,0
2021,3,AVANTEL S.A.S,15,BOYACÁ,15600,RÁQUIRA,1,15600000,RÁQUIRA,1,1,1,0,0,0
2021,4,AVANTEL S.A.S,05,ANTIOQUIA,05792,TARSO,1,05792000,TARSO,1,1,1,0,0,0
2022,3,PARTNERS TELECOM COLOMBIA SAS,86,PUTUMAYO,86568,PUERTO ASÍS,0,0,SIN CENTRO POBLADO,0,0,0,0,0,1
2022,3,COMUNICACION CELULAR S A COMCEL S A,66,RISARALDA,66001,PEREIRA,0,66001007,EL ROCÍO,1,1,1,0,0,1
2021,1,COMUNICACION CELULAR S A COMCEL S A,70,SUCRE,70670,SAMPUÉS,0,70670012,SEGOVIA,0,0,0,0,0,0
2022,4,COMUNICACION CELULAR S A COMCEL S A,50,META,50006,ACACÍAS,0,50006009,SANTA ROSA,1,1,1,0,0,1
2023,3,PARTNERS TELECOM COLOMBIA SAS,54,NORTE DE SANTANDER,54125,CÁCOTA,1,54125000,CÁCOTA,0,1,1,0,0,0
2021,4,COMUNICACION CELULAR S A COMCEL S A,54,NORTE DE SANTANDER,54128,CACHIRÁ,1,54128000,CÁCHIRA,1,1,1,0,0,1
2023,3,COMUNICACION CELULAR S A COMCEL S A,25,CUNDINAMARCA,25245,EL COLEGIO,0,25245002,LA VICTORIA,1,1,1,0,0,1
2022,4,COMUNICACION CELULAR S A COMCEL S A,13,BOLÍVAR,13244,EL CARMEN DE BOLÍVAR,0,13244020,LÁZARO,1,1,0,0,0,0
2023,1,COMUNICACION CELULAR S A COMCEL S A,54,NORTE DE SANTANDER,54001,SAN JOSÉ DE CÚCUTA,0,54001042,LA FLORESTA,1,1,1,0,0,1
2023,2,COLOMBIA TELECOMUNICACIONES S.A. E.S.P.,52,NARIÑO,52001,PASTO,0,52001059,JAMONDINO,1,1,1,0,0,1
2022,3,COMUNICACION CELULAR S A COMCEL S A,23,CÓRDOBA,23678,SAN CARLOS,0,23678003,GUACHARACAL,1,1,1,0,0,0
2022,2,COLOMBIA TELECOMUNICACIONES S.A. E.S.P.,76,VALLE DEL CAUCA,76248,EL CERRITO,0,76248005,EL PLACER,1,1,1,0,0,1
2022,4,COMUNICACION CELULAR S A COMCEL S A,05,ANTIOQUIA,05282,FREDONIA,0,05282005,MARSELLA,1,1,1,0,0,1
2021,3,EMPRESA DE TELECOMUNICACIONES DE BOGOTA S.A. ESP,76,VALLE DEL CAUCA,76130,CANDELARIA,0,76130008,VILLA GORGONA,0,0,0,0,0,0
2021,1,EMPRESA DE TELECOMUNICACIONES DE BOGOTA S.A. ESP,25,CUNDINAMARCA,25572,PUERTO SALGAR,1,25572001,PUERTO SALGAR,0,0,0,1,0,0
2021,2,COLOMBIA MOVIL  S.A ESP,66,RISARALDA,66318,GUÁTICA,1,66318000,GUÁTICA,1,1,1,0,0,1
2021,4,EMPRESA DE TELECOMUNICACIONES DE BOGOTA S.A. ESP,47,MAGDALENA,47460,NUEVA GRANADA,0,47460004,LOS ANDES,0,1,1,0,0,0
2022,4,COLOMBIA TELECOMUNICACIONES S.A. E.S.P.,05,ANTIOQUIA,05129,CALDAS,0,05129002,LA RAYA,0,0,0,0,0,1
2021,4,COMUNICACION CELULAR S A COMCEL S A,70,SUCRE,70713,SAN ONOFRE,1,70713000,SAN ONOFRE,1,1,1,0,0,1
2023,3,PARTNERS TELECOM COLOMBIA SAS,23,CÓRDOBA,23001,MONTERÍA,0,23001028,EL BARSAL,0,0,0,0,0,1
2023,1,COMUNICACION CELULAR S A COMCEL S A,73,TOLIMA,73352,ICONONZO,0,73352001,BALCONCITOS,1,1,1,0,0,1
2022,2,COMUNICACION CELULAR S A COMCEL S A,05,ANTIOQUIA,05660,SAN LUIS,0,05660012,LA TEBAIDA,1,1,1,0,0,1
2022,2,PARTNERS TELECOM COLOMBIA SAS,15,BOYACÁ,15109,BUENAVISTA,1,15109000,BUENAVISTA,0,1,1,0,0,0
2021,3,COLOMBIA TELECOMUNICACIONES S.A. E.S.P.,13,BOLÍVAR,13440,MARGARITA,0,13440010,SAN JOSÉ DE LOS TRAPICHES,1,0,0,0,0,0
2023,3,COMUNICACION CELULAR S A COMCEL S A,85,CASANARE,85001,YOPAL,0,85001001,EL MORRO,1,1,1,0,0,1
2021,1,COLOMBIA TELECOMUNICACIONES S.A. E.S.P.,13,BOLÍVAR,13140,CALAMAR,1,13140001,CALAMAR,1,1,1,1,0,0
2023,2,COLOMBIA TELECOMUNICACIONES S.A. E.S.P.,68,SANTANDER,68377,LA BELLEZA,1,68377000,LA BELLEZA,1,1,1,0,0,1
2021,3,COMUNICACION CELULAR S A COMCEL S A,76,VALLE DEL CAUCA,76020,ALCALÁ,1,76020000,ALCALÁ,1,1,1,0,0,1
2021,2,COMUNICACION CELULAR S A COMCEL S A,25,CUNDINAMARCA,25885,YACOPÍ,1,25885000,YACOPÍ,1,1,1,0,0,1
2023,1,COLOMBIA TELECOMUNICACIONES S.A. E.S.P.,52,NARIÑO,52260,EL TAMBO,1,52260000,EL TAMBO,1,1,1,0,0,1
2023,3,COLOMBIA TELECOMUNICACIONES S.A. E.S.P.,73,TOLIMA,73520,PALOCABILDO,1,73520000,PALOCABILDO,1,1,0,0,0,1
2021,4,COLOMBIA MOVIL  S.A ESP,19,CAUCA,19513,PADILLA,1,19513000,PADILLA,1,1,1,0,0,1
2021,4,COLOMBIA TELECOMUNICACIONES S.A. E.S.P.,73,TOLIMA,73352,ICONONZO,1,73352000,ICONONZO,1,1,1,0,0,1
2023,1,COMUNICACION CELULAR S A COMCEL S A,05,ANTIOQUIA,05490,NECOCLÍ,0,05490004,ZAPATA,1,1,1,0,0,1
2021,3,COMUNICACION CELULAR S A COMCEL S A,73,TOLIMA,73555,PLANADAS,0,73555001,BILBAO,1,0,0,0,0,0
2022,2,COMUNICACION CELULAR S A COMCEL S A,73,TOLIMA,73585,PURIFICACIÓN,0,73585001,CHENCHE ASOLEADO,1,0,0,0,0,0
2021,3,COLOMBIA TELECOMUNICACIONES S.A. E.S.P.,44,LA GUAJIRA,44078,BARRANCAS,1,44078000,BARRANCAS,1,1,1,0,0,1
2022,3,COMUNICACION CELULAR S A COMCEL S A,81,ARAUCA,81736,SARAVENA,0,81736009,BARRANCONES,1,1,1,0,0,0
2021,3,COMUNICACION CELULAR S A COMCEL S A,50,META,50683,SAN JUAN DE ARAMA,0,50683001,EL VERGEL,1,0,0,0,0,0
2021,2,COLOMBIA MOVIL  S.A ESP,23,CÓRDOBA,23660,SAHAGÚN,0,23660004,COLOMBOY,1,1,1,0,0,0
2022,4,COMUNICACION CELULAR S A COMCEL S A,25,CUNDINAMARCA,25053,ARBELÁEZ,1,25053000,ARBELÁEZ,1,1,1,0,0,1
2022,1,COMUNICACION CELULAR S A COMCEL S A,17,CALDAS,17541,PENSILVANIA,0,17541011,SAN DANIEL,1,1,1,0,0,0
2022,2,COMUNICACION CELULAR S A COMCEL S A,63,QUINDÍO,63001,ARMENIA,0,63001011,CONDOMINIO PALO DE AGUA,1,1,1,0,0,1
2023,3,COLOMBIA TELECOMUNICACIONES S.A. E.S.P.,73,TOLIMA,73411,LÍBANO,1,73411000,LÍBANO,1,1,1,0,0,1
2022,3,COMUNICACION CELULAR S A COMCEL S A,86,PUTUMAYO,86571,PUERTO GUZMÁN,0,86571002,SANTA LUCÍA,1,0,0,0,0,0
2022,4,COLOMBIA TELECOMUNICACIONES S.A. E.S.P.,76,VALLE DEL CAUCA,76520,PALMIRA,0,76520007,BOLO SAN ISIDRO,0,1,0,0,0,0
2023,2,PARTNERS TELECOM COLOMBIA SAS,27,CHOCÓ,27450,MEDIO SAN JUAN,1,27450000,ANDAGOYA,0,1,1,0,0,0
2021,4,COLOMBIA TELECOMUNICACIONES S.A. E.S.P.,68,SANTANDER,68276,FLORIDABLANCA,0,68276014,VALLE DE RUITOQUE,1,1,0,0,0,0
2023,1,COLOMBIA TELECOMUNICACIONES S.A. E.S.P.,20,CESAR,20250,EL PASO,0,20250002,LA LOMA,1,1,1,0,0,1
2021,4,AVANTEL S.A.S,18,CAQUETA,18150,CARTAGENA DEL CHAIRÁ,1,18150000,CARTAGENA DEL CHAIRÁ,1,1,1,0,0,1
2023,1,PARTNERS TELECOM COLOMBIA SAS,68,SANTANDER,68081,BARRANCABERMEJA,1,68081000,BARRANCABERMEJA,0,1,1,0,0,1
2023,3,COLOMBIA MOVIL  S.A ESP,17,CALDAS,17541,PENSILVANIA,1,17541000,PENSILVANIA,1,1,1,0,0,0
2022,2,COMUNICACION CELULAR S A COMCEL S A,23,CÓRDOBA,23670,SAN ANDRÉS DE SOTAVENTO,0,23670021,EL CONTENTO,1,0,0,0,0,0
2021,2,COLOMBIA TELECOMUNICACIONES S.A. E.S.P.,41,HUILA,41885,YAGUARÁ,1,41885000,YAGUARÁ,1,1,1,0,0,0
2021,4,COLOMBIA TELECOMUNICACIONES S.A. E.S.P.,68,SANTANDER,68307,GIRÓN,0,68307003,MARTA,1,1,1,0,0,0
2022,2,COMUNICACION CELULAR S A COMCEL S A,25,CUNDINAMARCA,25260,EL ROSAL,0,25260005,SAN ANTONIO,1,1,1,0,0,1
2021,4,COMUNICACION CELULAR S A COMCEL S A,66,RISARALDA,66170,DOSQUEBRADAS,0,66170011,EL ESTANQUILLO,1,0,0,0,0,0
2022,4,COLOMBIA TELECOMUNICACIONES S.A. E.S.P.,76,VALLE DEL CAUCA,76520,PALMIRA,0,76520029,TIENDA NUEVA,0,1,1,0,0,0
2021,4,COLOMBIA TELECOMUNICACIONES S.A. E.S.P.,44,LA GUAJIRA,44650,SAN JUAN DEL CESAR,0,44650012,LOS PONDORES,1,0,0,0,0,0
2022,2,COMUNICACION CELULAR S A COMCEL S A,73,TOLIMA,73624,ROVIRA,1,73624000,ROVIRA,1,1,1,0,0,1
2023,1,COMUNICACION CELULAR S A COMCEL S A,19,CAUCA,19517,PAEZ,0,19517033,GUADUALEJO,1,0,0,0,0,0
2021,1,EMPRESA DE TELECOMUNICACIONES DE BOGOTA S.A. ESP,76,VALLE DEL CAUCA,76248,EL CERRITO,1,76248001,EL CERRITO,0,0,1,1,0,0
2022,2,COLOMBIA TELECOMUNICACIONES S.A. E.S.P.,25,CUNDINAMARCA,25899,ZIPAQUIRÁ,0,25899001,LA GRANJA,1,1,0,0,0,1
2022,1,AVANTEL S.A.S,15,BOYACÁ,15861,VENTAQUEMADA,1,15861000,VENTAQUEMADA,1,1,1,0,0,1
2021,2,COMUNICACION CELULAR S A COMCEL S A,23,CÓRDOBA,23001,MONTERÍA,0,23001008,LAS PALOMAS,1,0,0,0,0,0
2022,1,COLOMBIA TELECOMUNICACIONES S.A. E.S.P.,52,NARIÑO,52678,SAMANIEGO,1,52678000,SAMANIEGO,1,1,1,0,0,0
2021,2,COLOMBIA MOVIL  S.A ESP,68,SANTANDER,68081,BARRANCABERMEJA,1,68081000,BARRANCABERMEJA,1,1,1,0,0,1
2022,2,AVANTEL S.A.S,47,MAGDALENA,47745,SITIONUEVO,1,47745000,SITIONUEVO,1,1,1,0,0,1
2023,2,COLOMBIA TELECOMUNICACIONES S.A. E.S.P.,17,CALDAS,17495,NORCASIA,1,17495000,NORCASIA,0,0,0,0,0,1
2022,2,COMUNICACION CELULAR S A COMCEL S A,23,CÓRDOBA,23672,SAN ANTERO,0,23672017,LA PARRILLA,1,1,1,0,0,0
2021,2,COLOMBIA TELECOMUNICACIONES S.A. E.S.P.,70,SUCRE,70473,MORROA,0,70473012,EL RECREO,1,1,0,0,0,0
2021,2,PARTNERS TELECOM COLOMBIA SAS,15,BOYACÁ,15476,MOTAVITA,1,15476000,MOTAVITA,0,1,1,0,0,0
2023,3,COMUNICACION CELULAR S A COMCEL S A,08,ATLÁNTICO,08296,GALAPA,1,08296000,GALAPA,1,1,1,0,0,1
2023,2,COMUNICACION CELULAR S A COMCEL S A,52,NARIÑO,52788,TANGUA,1,52788000,TANGUA,1,1,1,0,0,1
2021,2,COMUNICACION CELULAR S A COMCEL S A,25,CUNDINAMARCA,25488,NILO,0,25488002,PUEBLO NUEVO,1,1,0,0,0,1
2022,2,COMUNICACION CELULAR S A COMCEL S A,27,CHOCÓ,27050,ATRATO,1,27050000,YUTO,1,1,1,0,0,1
2021,4,COMUNICACION CELULAR S A COMCEL S A,05,ANTIOQUIA,05360,ITAGUI,1,05360000,ITAGÜÍ,1,1,1,0,0,1
2021,1,AVANTEL S.A.S,50,META,50226,CUMARAL,1,50226001,CUMARAL,1,0,0,0,0,0
2023,2,COLOMBIA TELECOMUNICACIONES S.A. E.S.P.,25,CUNDINAMARCA,25612,RICAURTE,0,25612007,SAN MARTÍN,1,1,0,0,0,1
2023,2,COMUNICACION CELULAR S A COMCEL S A,76,VALLE DEL CAUCA,76616,RIOFRÍO,0,76616002,FENICIA,1,1,1,0,0,1
2022,3,COMUNICACION CELULAR S A COMCEL S A,91,AMAZONAS,91530,PUERTO ALEGRÍA,0,91530000,PUERTO ALEGRÍA,1,1,1,0,0,0
2022,4,COLOMBIA MOVIL  S.A ESP,44,LA GUAJIRA,44035,ALBANIA,0,44035006,PORCIOSA,0,0,0,0,0,1
2022,2,COMUNICACION CELULAR S A COMCEL S A,52,NARIÑO,52435,MALLAMA,1,52435000,PIEDRANCHA,1,1,1,0,0,1
2023,2,COMUNICACION CELULAR S A COMCEL S A,73,TOLIMA,73347,HERVEO,0,73347004,MESONES,1,0,0,0,0,0
2023,1,COMUNICACION CELULAR S A COMCEL S A,47,MAGDALENA,47980,ZONA BANANERA,0,47980015,SAN JOSÉ DE KENNEDY (CAMPO KENNEDY),0,0,0,0,0,1
2021,4,AVANTEL S.A.S,23,CÓRDOBA,23580,PUERTO LIBERTADOR,1,23580000,PUERTO LIBERTADOR,1,1,1,0,0,1
2023,1,COLOMBIA TELECOMUNICACIONES S.A. E.S.P.,05,ANTIOQUIA,05360,ITAGUI,1,05360000,ITAGÜÍ,1,1,1,0,0,1
2021,4,COMUNICACION CELULAR S A COMCEL S A,25,CUNDINAMARCA,25899,ZIPAQUIRÁ,1,25899000,ZIPAQUIRÁ,1,1,1,0,0,1
2022,1,COMUNICACION CELULAR S A COMCEL S A,76,VALLE DEL CAUCA,76892,YUMBO,0,76892005,MULALÓ,1,1,1,0,0,1
2022,4,COLOMBIA TELECOMUNICACIONES S.A. E.S.P.,47,MAGDALENA,47001,SANTA MARTA,0,47001001,BONDA,1,1,1,0,0,1
2021,2,EMPRESA DE TELECOMUNICACIONES DE BOGOTA S.A. ESP,68,SANTANDER,68686,SAN MIGUEL,1,68686000,SAN MIGUEL,0,0,0,0,0,0
2022,1,COMUNICACION CELULAR S A COMCEL S A,25,CUNDINAMARCA,25148,CAPARRAPÍ,0,25148010,CAMBULO,1,1,1,0,0,1
2021,4,COMUNICACION CELULAR S A COMCEL S A,15,BOYACÁ,15232,CHÍQUIZA,0,15232001,SAN PEDRO DE IGUAQUE,1,1,1,0,0,1
2023,2,PARTNERS TELECOM COLOMBIA SAS,05,ANTIOQUIA,05628,SABANALARGA,0,05628002,EL ORO,0,0,0,0,0,1
2022,2,COMUNICACION CELULAR S A COMCEL S A,08,ATLÁNTICO,08573,PUERTO COLOMBIA,0,08573002,SALGAR,1,1,1,0,0,1
2022,2,AVANTEL S.A.S,70,SUCRE,70508,OVEJAS,1,70508000,OVEJAS,1,1,1,0,0,1
2021,2,PARTNERS TELECOM COLOMBIA SAS,25,CUNDINAMARCA,25473,MOSQUERA,1,25473000,MOSQUERA,0,1,1,0,0,0
2023,3,COLOMBIA TELECOMUNICACIONES S.A. E.S.P.,25,CUNDINAMARCA,25286,FUNZA,1,25286000,FUNZA,1,1,1,0,0,1
2021,2,COMUNICACION CELULAR S A COMCEL S A,13,BOLÍVAR,13062,ARROYOHONDO,0,13062006,SAN FRANCISCO (SOLABANDA),1,1,0,0,0,0
2021,4,COLOMBIA TELECOMUNICACIONES S.A. E.S.P.,52,NARIÑO,52317,GUACHUCAL,1,52317000,GUACHUCAL,1,1,1,0,0,0
2021,4,PARTNERS TELECOM COLOMBIA SAS,52,NARIÑO,52418,LOS ANDES,1,52418000,SOTOMAYOR,0,1,1,0,0,1
2023,3,COLOMBIA MOVIL  S.A ESP,73,TOLIMA,73152,CASABIANCA,1,73152000,CASABIANCA,1,1,1,0,0,1
2023,3,COLOMBIA TELECOMUNICACIONES S.A. E.S.P.,15,BOYACÁ,15808,TINJACÁ,1,15808000,TINJACÁ,1,1,0,0,0,1
2023,1,COLOMBIA TELECOMUNICACIONES S.A. E.S.P.,52,NARIÑO,52001,PASTO,0,52001059,JAMONDINO,1,1,1,0,0,1
2022,1,PARTNERS TELECOM COLOMBIA SAS,15,BOYACÁ,15218,COVARACHÍA,1,15218000,COVARACHÍA,0,1,1,0,0,0
2023,3,COMUNICACION CELULAR S A COMCEL S A,20,CESAR,20400,LA JAGUA DE IBIRICO,1,20400000,LA JAGUA DE IBIRICO,1,1,1,0,0,1
2022,3,COLOMBIA MOVIL  S.A ESP,13,BOLÍVAR,13442,MARÍA LA BAJA,0,13442004,MANPUJÁN,0,1,1,0,0,1
2021,2,COMUNICACION CELULAR S A COMCEL S A,15,BOYACÁ,15092,BETÉITIVA,1,15092000,BETÉITIVA,1,1,1,0,0,1
2023,1,COMUNICACION CELULAR S A COMCEL S A,44,LA GUAJIRA,44650,SAN JUAN DEL CESAR,0,44650017,VILLA DEL RÍO,1,1,1,0,0,1
2021,1,COMUNICACION CELULAR S A COMCEL S A,05,ANTIOQUIA,05380,LA ESTRELLA,0,05380021,PEÑAS BLANCAS,0,0,0,0,0,0
2022,3,COLOMBIA TELECOMUNICACIONES S.A. E.S.P.,70,SUCRE,70708,SAN MARCOS,0,70708024,EL OASIS,1,0,0,0,0,0
2023,2,COLOMBIA TELECOMUNICACIONES S.A. E.S.P.,05,ANTIOQUIA,05858,VEGACHÍ,1,05858000,VEGACHÍ,1,1,1,0,0,1
2021,2,COMUNICACION CELULAR S A COMCEL S A,52,NARIÑO,52354,IMUÉS,1,52354000,IMUÉS,1,1,1,0,0,1
2022,4,COMUNICACION CELULAR S A COMCEL S A,19,CAUCA,19392,LA SIERRA,0,19392001,LA DEPRESIÓN,1,1,1,0,0,1
2021,1,COMUNICACION CELULAR S A COMCEL S A,25,CUNDINAMARCA,25335,GUAYABETAL,0,25335002,MONTERREDONDO,1,1,0,1,0,0
2023,2,COLOMBIA MOVIL  S.A ESP,25,CUNDINAMARCA,25530,PARATEBUENO,1,25530000,PARATEBUENO,0,1,1,0,0,1
2022,1,COMUNICACION CELULAR S A COMCEL S A,76,VALLE DEL CAUCA,76248,EL CERRITO,0,76248009,SANTA ELENA,1,1,1,0,0,1
2021,3,COMUNICACION CELULAR S A COMCEL S A,05,ANTIOQUIA,05282,FREDONIA,1,05282000,FREDONIA,1,1,1,0,0,1
2021,4,COLOMBIA TELECOMUNICACIONES S.A. E.S.P.,17,CALDAS,17001,MANIZALES,0,17001009,SAN PEREGRINO,1,0,0,0,0,0
2023,3,COMUNICACION CELULAR S A COMCEL S A,15,BOYACÁ,15810,TIPACOQUE,1,15810000,TIPACOQUE,1,1,1,0,0,1
2022,3,COLOMBIA TELECOMUNICACIONES S.A. E.S.P.,05,ANTIOQUIA,05079,BARBOSA,1,05079000,BARBOSA,1,1,1,0,0,1
2021,1,COMUNICACION CELULAR S A COMCEL S A,47,MAGDALENA,47980,ZONA BANANERA,0,47980006,RIOFRÍO,1,1,1,1,0,0
2022,4,COLOMBIA MOVIL  S.A ESP,85,CASANARE,85139,MANÍ,1,85139000,MANÍ,1,1,1,0,0,0
2023,3,COLOMBIA MOVIL  S.A ESP,97,VAUPÉS,97511,PACOA,0,0,SIN CENTRO POBLADO,0,0,0,0,0,1
2021,1,COMUNICACION CELULAR S A COMCEL S A,44,LA GUAJIRA,44001,RIOHACHA,0,44001036,LA ARENA,0,0,0,0,0,0
2021,4,COMUNICACION CELULAR S A COMCEL S A,05,ANTIOQUIA,05686,SANTA ROSA DE OSOS,0,05686003,HOYO RICO,1,1,1,0,0,1
2023,2,PARTNERS TELECOM COLOMBIA SAS,76,VALLE DEL CAUCA,76606,RESTREPO,1,76606000,RESTREPO,0,1,1,0,0,1
2022,1,COLOMBIA MOVIL  S.A ESP,05,ANTIOQUIA,05591,PUERTO TRIUNFO,1,05591000,PUERTO TRIUNFO,1,1,1,0,0,1
2022,4,COMUNICACION CELULAR S A COMCEL S A,73,TOLIMA,73622,RONCESVALLES,0,73622001,SANTA ELENA,1,0,0,0,0,0
2023,2,COMUNICACION CELULAR S A COMCEL S A,73,TOLIMA,73001,IBAGUÉ,0,73001014,LLANITOS,1,0,0,0,0,0
2022,3,PARTNERS TELECOM COLOMBIA SAS,27,CHOCÓ,27745,SIPÍ,1,27745000,SIPÍ,0,1,1,0,0,0
2021,4,COLOMBIA TELECOMUNICACIONES S.A. E.S.P.,15,BOYACÁ,15686,SANTANA,1,15686000,SANTANA,1,1,1,0,0,0
2021,4,EMPRESA DE TELECOMUNICACIONES DE BOGOTA S.A. ESP,25,CUNDINAMARCA,25288,FÚQUENE,0,25288001,CAPELLANÍA,1,1,1,0,0,0
2022,1,COLOMBIA MOVIL  S.A ESP,15,BOYACÁ,15806,TIBASOSA,1,15806000,TIBASOSA,1,1,1,0,0,1
2023,1,COLOMBIA MOVIL  S.A ESP,18,CAQUETA,18150,CARTAGENA DEL CHAIRÁ,1,18150000,CARTAGENA DEL CHAIRÁ,1,1,1,0,0,1
2022,3,COMUNICACION CELULAR S A COMCEL S A,05,ANTIOQUIA,05002,ABEJORRAL,0,05002002,PANTANILLO,1,1,1,0,0,1
2022,4,COLOMBIA TELECOMUNICACIONES S.A. E.S.P.,41,HUILA,41770,SUAZA,0,41770002,GUAYABAL,0,1,0,0,0,0
2023,3,COLOMBIA TELECOMUNICACIONES S.A. E.S.P.,13,BOLÍVAR,13140,CALAMAR,1,13140000,CALAMAR,1,1,1,0,0,1
2023,2,PARTNERS TELECOM COLOMBIA SAS,52,NARIÑO,52678,SAMANIEGO,1,52678000,SAMANIEGO,0,1,1,0,0,1
2022,2,COMUNICACION CELULAR S A COMCEL S A,08,ATLÁNTICO,08606,REPELÓN,0,08606003,LAS TABLAS,1,1,1,0,0,0
2021,4,COLOMBIA TELECOMUNICACIONES S.A. E.S.P.,25,CUNDINAMARCA,25322,GUASCA,0,25322002,LA CABRERITA,1,1,0,0,0,1
2023,3,PARTNERS TELECOM COLOMBIA SAS,50,META,50573,PUERTO LÓPEZ,1,50573000,PUERTO LÓPEZ,0,1,1,0,0,1
2023,3,COMUNICACION CELULAR S A COMCEL S A,19,CAUCA,19397,LA VEGA,1,19397000,LA VEGA,1,1,1,0,0,1
2023,2,PARTNERS TELECOM COLOMBIA SAS,86,PUTUMAYO,86571,PUERTO GUZMÁN,1,86571000,PUERTO GUZMÁN,0,1,1,0,0,1
2022,2,COMUNICACION CELULAR S A COMCEL S A,73,TOLIMA,73616,RIOBLANCO,1,73616000,RIOBLANCO,1,1,1,0,0,1
2021,3,AVANTEL S.A.S,73,TOLIMA,73616,RIOBLANCO,1,73616000,RIOBLANCO,1,1,1,0,0,0
2022,3,COLOMBIA TELECOMUNICACIONES S.A. E.S.P.,23,CÓRDOBA,23182,CHINÚ,0,23182035,PAJONAL,1,0,0,0,0,0
2021,4,COMUNICACION CELULAR S A COMCEL S A,54,NORTE DE SANTANDER,54109,BUCARASICA,0,54109002,LA CURVA,1,1,1,0,0,0
2022,2,PARTNERS TELECOM COLOMBIA SAS,25,CUNDINAMARCA,25322,GUASCA,1,25322000,GUASCA,0,1,1,0,0,1
2021,2,COLOMBIA MOVIL  S.A ESP,73,TOLIMA,73319,GUAMO,1,73319000,GUAMO,1,1,1,0,0,1
2021,4,COLOMBIA MOVIL  S.A ESP,52,NARIÑO,52694,SAN PEDRO DE CARTAGO,1,52694000,SAN PEDRO DE CARTAGO,1,1,1,0,0,1
2022,4,PARTNERS TELECOM COLOMBIA SAS,41,HUILA,41797,TESALIA,1,41797000,TESALIA,0,1,1,0,0,1
2022,2,COMUNICACION CELULAR S A COMCEL S A,15,BOYACÁ,15757,SOCHA,0,15757003,SOCHA VIEJO,1,1,1,0,0,1
2022,1,COLOMBIA TELECOMUNICACIONES S.A. E.S.P.,13,BOLÍVAR,13160,CANTAGALLO,0,13160002,BRISAS DE BOLÍVAR,1,1,0,0,0,0
2021,3,COMUNICACION CELULAR S A COMCEL S A,08,ATLÁNTICO,08606,REPELÓN,0,08606009,PITA,1,1,1,0,0,0
2022,1,COLOMBIA TELECOMUNICACIONES S.A. E.S.P.,41,HUILA,41483,NÁTAGA,1,41483000,NÁTAGA,1,1,0,0,0,1
2023,1,COLOMBIA TELECOMUNICACIONES S.A. E.S.P.,13,BOLÍVAR,13052,ARJONA,0,13052004,SINCERÍN,1,0,0,0,0,0
2021,4,EMPRESA DE TELECOMUNICACIONES DE BOGOTA S.A. ESP,05,ANTIOQUIA,05036,ANGELÓPOLIS,1,05036000,ANGELÓPOLIS,1,1,1,0,0,0
2021,4,COMUNICACION CELULAR S A COMCEL S A,85,CASANARE,85250,PAZ DE ARIPORO,0,85250006,MONTAÑA DEL TOTUMO,1,1,1,0,0,0
2023,3,COLOMBIA TELECOMUNICACIONES S.A. E.S.P.,15,BOYACÁ,15764,SORACÁ,1,15764000,SORACÁ,1,1,0,0,0,1
2022,2,AVANTEL S.A.S,13,BOLÍVAR,13688,SANTA ROSA DEL SUR,1,13688000,SANTA ROSA DEL SUR,1,1,1,0,0,1
2022,2,COLOMBIA TELECOMUNICACIONES S.A. E.S.P.,25,CUNDINAMARCA,25645,SAN ANTONIO DEL TEQUENDAMA,0,25645020,VILLA SHYN(CASA MOVILES),1,0,0,0,0,0
2023,1,COMUNICACION CELULAR S A COMCEL S A,52,NARIÑO,52079,BARBACOAS,0,52079026,EL DIVISO,1,1,1,0,0,1
2021,4,COLOMBIA TELECOMUNICACIONES S.A. E.S.P.,50,META,50325,MAPIRIPÁN,1,50325000,MAPIRIPÁN,0,0,0,0,0,1
2021,2,COLOMBIA TELECOMUNICACIONES S.A. E.S.P.,15,BOYACÁ,15001,TUNJA,1,15001000,TUNJA,1,1,1,0,0,1
2021,2,AVANTEL S.A.S,52,NARIÑO,52036,ANCUYA,1,52036000,ANCUYÁ,1,1,1,0,0,0
2022,1,COMUNICACION CELULAR S A COMCEL S A,47,MAGDALENA,47053,ARACATACA,1,47053000,ARACATACA,1,1,1,0,0,1
2022,1,COLOMBIA MOVIL  S.A ESP,05,ANTIOQUIA,05576,PUEBLORRICO,1,05576000,PUEBLORRICO,1,1,1,0,0,1
2023,1,COLOMBIA MOVIL  S.A ESP,05,ANTIOQUIA,05347,HELICONIA,1,05347000,HELICONIA,1,1,1,0,0,1
2023,1,COMUNICACION CELULAR S A COMCEL S A,25,CUNDINAMARCA,25386,LA MESA,0,25386001,LA ESPERANZA,1,1,1,0,0,1
2021,4,COMUNICACION CELULAR S A COMCEL S A,68,SANTANDER,68276,FLORIDABLANCA,0,68276021,LA CIDRA,1,1,1,0,0,1
2021,3,EMPRESA DE TELECOMUNICACIONES DE BOGOTA S.A. ESP,81,ARAUCA,81220,CRAVO NORTE,1,81220000,CRAVO NORTE,0,0,0,0,0,0
2023,1,COMUNICACION CELULAR S A COMCEL S A,15,BOYACÁ,15212,COPER,1,15212000,COPER,1,1,1,0,0,1
2021,2,COMUNICACION CELULAR S A COMCEL S A,05,ANTIOQUIA,05790,TARAZÁ,0,05790002,EL DOCE,1,1,1,0,0,0
2021,2,COMUNICACION CELULAR S A COMCEL S A,70,SUCRE,70204,COLOSO,0,70204013,LA ESTACION,1,1,1,0,0,1
2022,2,COMUNICACION CELULAR S A COMCEL S A,86,PUTUMAYO,86001,MOCOA,0,86001002,EL PEPINO,1,1,1,0,0,1
2021,3,COLOMBIA MOVIL  S.A ESP,68,SANTANDER,68322,GUAPOTÁ,1,68322000,GUAPOTÁ,1,1,1,0,0,0
2021,4,COLOMBIA MOVIL  S.A ESP,76,VALLE DEL CAUCA,76895,ZARZAL,0,76895002,LA PAILA,1,1,1,0,0,1
2021,1,COMUNICACION CELULAR S A COMCEL S A,52,NARIÑO,52405,LEIVA,0,52405001,EL PALMAR,0,0,0,0,0,0
2022,4,COMUNICACION CELULAR S A COMCEL S A,23,CÓRDOBA,23182,CHINÚ,0,23182019,RETIRO DE LOS PÉREZ,1,1,1,0,0,0
2021,3,COMUNICACION CELULAR S A COMCEL S A,54,NORTE DE SANTANDER,54874,VILLA DEL ROSARIO,1,54874000,VILLA DEL ROSARIO,1,1,1,0,0,1
2023,2,PARTNERS TELECOM COLOMBIA SAS,47,MAGDALENA,47545,PIJIÑO DEL CARMEN,1,47545000,PIJIÑO,0,1,1,0,0,1
2021,2,COMUNICACION CELULAR S A COMCEL S A,19,CAUCA,19001,POPAYÁN,0,19001027,CRUCERO DE PUELENJE,1,0,0,0,0,0
2022,1,COMUNICACION CELULAR S A COMCEL S A,20,CESAR,20250,EL PASO,0,20250006,EL CARMEN,1,0,0,0,0,0
2023,2,COMUNICACION CELULAR S A COMCEL S A,27,CHOCÓ,27745,SIPÍ,1,27745000,SIPÍ,1,1,1,0,0,1
2023,2,COLOMBIA MOVIL  S.A ESP,95,GUAVIARE,95015,CALAMAR,1,95015000,CALAMAR,1,1,1,0,0,1
2021,4,COLOMBIA TELECOMUNICACIONES S.A. E.S.P.,76,VALLE DEL CAUCA,76130,CANDELARIA,0,76130012,SAN JOAQUÍN,0,1,1,0,0,0
2021,3,COMUNICACION CELULAR S A COMCEL S A,68,SANTANDER,68077,BARBOSA,0,68077003,BUENAVISTA,1,1,1,0,0,1
2023,1,COLOMBIA TELECOMUNICACIONES S.A. E.S.P.,23,CÓRDOBA,23670,SAN ANDRÉS DE SOTAVENTO,0,23670030,PATIO BONITO NORTE,1,0,0,0,0,0
2023,3,PARTNERS TELECOM COLOMBIA SAS,05,ANTIOQUIA,05628,SABANALARGA,0,05628004,EL SOCORRO,0,0,0,0,0,1
2021,4,COLOMBIA TELECOMUNICACIONES S.A. E.S.P.,17,CALDAS,17777,SUPÍA,1,17777000,SUPÍA,1,1,1,0,0,1
2022,3,COMUNICACION CELULAR S A COMCEL S A,13,BOLÍVAR,13744,SIMITÍ,1,13744000,SIMITÍ,1,1,1,0,0,1
2022,3,PARTNERS TELECOM COLOMBIA SAS,08,ATLÁNTICO,08372,JUAN DE ACOSTA,1,08372000,JUAN DE ACOSTA,0,1,1,0,0,1
2023,3,PARTNERS TELECOM COLOMBIA SAS,23,CÓRDOBA,23168,CHIMÁ,0,23168008,SABANACOSTA,0,0,0,0,0,1
2021,3,COMUNICACION CELULAR S A COMCEL S A,13,BOLÍVAR,13440,MARGARITA,0,13440008,SANDOVAL,1,1,1,0,0,0
2022,3,COLOMBIA MOVIL  S.A ESP,05,ANTIOQUIA,05021,ALEJANDRÍA,1,05021000,ALEJANDRÍA,1,1,1,0,0,1
2023,2,COMUNICACION CELULAR S A COMCEL S A,76,VALLE DEL CAUCA,76130,CANDELARIA,0,76130016,POBLADO CAMPESTRE,1,1,1,0,0,1
2021,2,COMUNICACION CELULAR S A COMCEL S A,68,SANTANDER,68575,PUERTO WILCHES,0,68575006,EL GUAYABO,0,0,0,0,0,1
2021,3,COLOMBIA TELECOMUNICACIONES S.A. E.S.P.,68,SANTANDER,68190,CIMITARRA,0,68190006,SANTA ROSA,1,1,0,0,0,0
2023,1,PARTNERS TELECOM COLOMBIA SAS,76,VALLE DEL CAUCA,76275,FLORIDA,1,76275000,FLORIDA,0,1,1,0,0,1
2022,1,PARTNERS TELECOM COLOMBIA SAS,95,GUAVIARE,95015,CALAMAR,0,0,SIN CENTRO POBLADO,0,0,0,0,0,1
2022,2,COMUNICACION CELULAR S A COMCEL S A,47,MAGDALENA,47318,GUAMAL,1,47318000,GUAMAL,1,1,1,0,0,1
2023,1,PARTNERS TELECOM COLOMBIA SAS,52,NARIÑO,52250,EL CHARCO,1,52250000,EL CHARCO,0,1,1,0,0,1
2023,1,COMUNICACION CELULAR S A COMCEL S A,13,BOLÍVAR,13657,SAN JUAN NEPOMUCENO,1,13657000,SAN JUAN NEPOMUCENO,1,1,1,0,0,1
2023,2,COLOMBIA TELECOMUNICACIONES S.A. E.S.P.,19,CAUCA,19622,ROSAS,1,19622000,ROSAS,1,1,0,0,0,1
2022,3,COMUNICACION CELULAR S A COMCEL S A,23,CÓRDOBA,23660,SAHAGÚN,0,23660001,ARENAS DEL NORTE,1,1,1,0,0,0
2022,1,COLOMBIA TELECOMUNICACIONES S.A. E.S.P.,54,NORTE DE SANTANDER,54001,SAN JOSÉ DE CÚCUTA,0,54001018,SAN PEDRO,0,1,1,0,0,0
2021,2,PARTNERS TELECOM COLOMBIA SAS,15,BOYACÁ,15507,OTANCHE,1,15507000,OTANCHE,0,1,1,0,0,0
2021,1,COMUNICACION CELULAR S A COMCEL S A,52,NARIÑO,52250,EL CHARCO,1,52250001,EL CHARCO,1,1,1,1,0,0
2022,3,COMUNICACION CELULAR S A COMCEL S A,25,CUNDINAMARCA,25040,ANOLAIMA,0,25040006,CORRALEJAS,1,1,1,0,0,0
2021,2,COLOMBIA TELECOMUNICACIONES S.A. E.S.P.,25,CUNDINAMARCA,25817,TOCANCIPÁ,0,25817017,SAN VICTORINO,1,1,0,0,0,1
2022,4,COLOMBIA MOVIL  S.A ESP,25,CUNDINAMARCA,25653,SAN CAYETANO,1,25653000,PUEBLO NUEVO,1,1,1,0,0,0
2021,3,AVANTEL S.A.S,19,CAUCA,19585,PURACÉ,1,19585000,COCONUCO,1,1,1,0,0,0
2022,2,COLOMBIA MOVIL  S.A ESP,76,VALLE DEL CAUCA,76306,GINEBRA,1,76306000,GINEBRA,1,1,1,0,0,1
2022,4,COMUNICACION CELULAR S A COMCEL S A,08,ATLÁNTICO,08606,REPELÓN,0,08606009,PITA,1,1,1,0,0,1
2021,4,AVANTEL S.A.S,23,CÓRDOBA,23189,CIÉNAGA DE ORO,1,23189000,CIÉNAGA DE ORO,1,1,1,0,0,1
2021,1,COMUNICACION CELULAR S A COMCEL S A,52,NARIÑO,52227,CUMBAL,0,52227001,CHILES,0,1,1,0,0,0
2022,1,COLOMBIA MOVIL  S.A ESP,50,META,50124,CABUYARO,1,50124000,CABUYARO,1,1,1,0,0,1
2022,2,COMUNICACION CELULAR S A COMCEL S A,27,CHOCÓ,27425,MEDIO ATRATO,1,27425000,BETÉ,1,1,1,0,0,1
2022,4,PARTNERS TELECOM COLOMBIA SAS,17,CALDAS,17867,VICTORIA,1,17867000,VICTORIA,0,1,1,0,0,1
2021,4,COMUNICACION CELULAR S A COMCEL S A,05,ANTIOQUIA,05308,GIRARDOTA,0,05308012,JUAN COJO,1,1,1,0,0,0
2021,2,COMUNICACION CELULAR S A COMCEL S A,41,HUILA,41396,LA PLATA,0,41396009,GALLEGO,1,0,0,0,0,0
2023,3,COMUNICACION CELULAR S A COMCEL S A,70,SUCRE,70110,BUENAVISTA,0,70110005,LOS ANONES,1,1,1,0,0,1
2022,1,COMUNICACION CELULAR S A COMCEL S A,50,META,50683,SAN JUAN DE ARAMA,0,0,SIN CENTRO POBLADO,1,1,1,0,0,0
2021,2,COLOMBIA MOVIL  S.A ESP,54,NORTE DE SANTANDER,54261,EL ZULIA,1,54261000,EL ZULIA,1,1,1,0,0,1
2021,4,COMUNICACION CELULAR S A COMCEL S A,05,ANTIOQUIA,05837,TURBO,0,05837035,GUADUALITO,1,1,1,0,0,0
2023,2,COMUNICACION CELULAR S A COMCEL S A,85,CASANARE,85440,VILLANUEVA,1,85440000,VILLANUEVA,1,1,1,0,0,1
2022,1,AVANTEL S.A.S,68,SANTANDER,68502,ONZAGA,1,68502000,ONZAGA,1,1,1,0,0,0
2022,3,COMUNICACION CELULAR S A COMCEL S A,25,CUNDINAMARCA,25148,CAPARRAPÍ,1,25148000,CAPARRAPÍ,1,1,1,0,0,1
2023,2,COMUNICACION CELULAR S A COMCEL S A,13,BOLÍVAR,13647,SAN ESTANISLAO,1,13647000,SAN ESTANISLAO DE KOSTKA,1,1,1,0,0,1
2021,4,EMPRESA DE TELECOMUNICACIONES DE BOGOTA S.A. ESP,08,ATLÁNTICO,08685,SANTO TOMÁS,1,08685000,SANTO TOMÁS,1,1,1,0,0,1
2021,1,COMUNICACION CELULAR S A COMCEL S A,52,NARIÑO,52835,TUMACO - SAN ANDRES DE TUMACO,0,52835146,FIRME DE LOS COIMES,0,0,0,0,0,0
2023,1,COLOMBIA TELECOMUNICACIONES S.A. E.S.P.,54,NORTE DE SANTANDER,54518,PAMPLONA,1,54518000,PAMPLONA,1,1,1,0,0,1
2021,2,COMUNICACION CELULAR S A COMCEL S A,91,AMAZONAS,91001,LETICIA,0,91001019,LOMA LINDA,1,0,0,0,0,0
2023,1,PARTNERS TELECOM COLOMBIA SAS,68,SANTANDER,68655,SABANA DE TORRES,0,0,SIN CENTRO POBLADO,0,0,0,0,0,1
2023,2,COLOMBIA TELECOMUNICACIONES S.A. E.S.P.,05,ANTIOQUIA,05615,RIONEGRO,0,05615039,PARCELACIÓN LA QUERENCIA,0,1,0,0,0,0
2022,4,COLOMBIA TELECOMUNICACIONES S.A. E.S.P.,05,ANTIOQUIA,05212,COPACABANA,1,05212000,COPACABANA,1,1,1,0,0,1
2021,4,COMUNICACION CELULAR S A COMCEL S A,20,CESAR,20614,RÍO DE ORO,1,20614000,RÍO DE ORO,1,1,1,0,0,1
2021,1,COLOMBIA TELECOMUNICACIONES S.A. E.S.P.,52,NARIÑO,52585,PUPIALES,0,52585004,JOSÉ MARÍA HERNÁNDEZ,1,1,1,1,0,0
2021,4,COMUNICACION CELULAR S A COMCEL S A,52,NARIÑO,52390,LA TOLA,1,52390000,LA TOLA,1,1,1,0,0,1
2023,2,COMUNICACION CELULAR S A COMCEL S A,15,BOYACÁ,15464,MONGUA,1,15464000,MONGUA,1,1,1,0,0,1
2021,3,PARTNERS TELECOM COLOMBIA SAS,05,ANTIOQUIA,05034,ANDES,1,05034000,ANDES,0,1,1,0,0,1
2021,4,COMUNICACION CELULAR S A COMCEL S A,13,BOLÍVAR,13549,PINILLOS,0,13549009,MANTEQUERA,1,0,0,0,0,0
2022,1,COLOMBIA TELECOMUNICACIONES S.A. E.S.P.,76,VALLE DEL CAUCA,76364,JAMUNDÍ,0,76364021,SAN ISIDRO,1,1,1,0,0,1
2021,3,COLOMBIA TELECOMUNICACIONES S.A. E.S.P.,13,BOLÍVAR,13657,SAN JUAN NEPOMUCENO,1,13657000,SAN JUAN NEPOMUCENO,1,1,1,0,0,1
2021,3,AVANTEL S.A.S,25,CUNDINAMARCA,25473,MOSQUERA,1,25473000,MOSQUERA,1,1,1,0,0,1
2023,2,COLOMBIA TELECOMUNICACIONES S.A. E.S.P.,13,BOLÍVAR,13549,PINILLOS,0,13549011,PALOMINO,1,0,0,0,0,0
2022,1,COMUNICACION CELULAR S A COMCEL S A,70,SUCRE,70001,SINCELEJO,0,70001022,SAN NICOLAS,1,1,1,0,0,0
2021,3,COLOMBIA TELECOMUNICACIONES S.A. E.S.P.,44,LA GUAJIRA,44847,URIBIA,0,44847003,CABO DE LA VELA,0,1,0,0,0,0
2022,4,COMUNICACION CELULAR S A COMCEL S A,54,NORTE DE SANTANDER,54250,EL TARRA,0,54250007,LA CAMPANA,1,1,1,0,0,0
2022,4,COMUNICACION CELULAR S A COMCEL S A,50,META,50711,VISTAHERMOSA,1,50711000,VISTAHERMOSA,1,1,1,0,0,1
2022,3,COMUNICACION CELULAR S A COMCEL S A,68,SANTANDER,68745,SIMACOTA,0,68745011,EL GUAMO,1,1,1,0,0,1
2021,2,EMPRESA DE TELECOMUNICACIONES DE BOGOTA S.A. ESP,68,SANTANDER,68081,BARRANCABERMEJA,1,68081000,BARRANCABERMEJA,0,0,0,0,0,1
2021,1,COLOMBIA TELECOMUNICACIONES S.A. E.S.P.,76,VALLE DEL CAUCA,76275,FLORIDA,1,76275001,FLORIDA,1,1,1,1,0,0
2021,4,COMUNICACION CELULAR S A COMCEL S A,25,CUNDINAMARCA,25535,PASCA,0,25535002,GUCHIPAS,1,1,1,0,0,1
2023,3,PARTNERS TELECOM COLOMBIA SAS,20,CESAR,20400,LA JAGUA DE IBIRICO,1,20400000,LA JAGUA DE IBIRICO,0,1,1,0,0,1
2021,1,COMUNICACION CELULAR S A COMCEL S A,19,CAUCA,19809,TIMBIQUÍ,0,19809024,ANGOSTURA,0,0,0,0,0,0
2023,1,COMUNICACION CELULAR S A COMCEL S A,76,VALLE DEL CAUCA,76892,YUMBO,0,76892017,ARROYOHONDO,1,1,1,0,0,1
2021,3,COLOMBIA TELECOMUNICACIONES S.A. E.S.P.,68,SANTANDER,68377,LA BELLEZA,1,68377000,LA BELLEZA,1,1,1,0,0,1
2021,2,COMUNICACION CELULAR S A COMCEL S A,15,BOYACÁ,15533,PAYA,0,15533001,MORCOTE,1,1,1,0,0,0
2022,3,COMUNICACION CELULAR S A COMCEL S A,23,CÓRDOBA,23555,PLANETA RICA,0,23555010,MEDIO RANCHO,1,1,1,0,0,0
2021,4,AVANTEL S.A.S,23,CÓRDOBA,23162,CERETÉ,1,23162000,CERETÉ,1,1,1,0,0,1
2023,3,COMUNICACION CELULAR S A COMCEL S A,66,RISARALDA,66001,PEREIRA,0,66001049,EL CRUCERO DE COMBIA,1,1,1,0,0,1
2022,3,PARTNERS TELECOM COLOMBIA SAS,76,VALLE DEL CAUCA,76400,LA UNIÓN,1,76400000,LA UNIÓN,0,1,1,0,0,1
2023,1,PARTNERS TELECOM COLOMBIA SAS,27,CHOCÓ,27810,UNIÓN PANAMERICANA,1,27810000,ÁNIMAS,0,1,1,0,0,0
2022,3,COMUNICACION CELULAR S A COMCEL S A,73,TOLIMA,73275,FLANDES,0,73275005,PARADERO I,1,1,1,0,0,1
2022,1,COMUNICACION CELULAR S A COMCEL S A,44,LA GUAJIRA,44078,BARRANCAS,0,44078014,PATILLA,1,1,1,0,0,0
2022,1,COMUNICACION CELULAR S A COMCEL S A,68,SANTANDER,68575,PUERTO WILCHES,0,68575015,PUENTE SOGAMOSO,1,1,1,0,0,1
2022,4,PARTNERS TELECOM COLOMBIA SAS,97,VAUPÉS,97001,MITÚ,1,97001000,MITÚ,0,1,1,0,0,1
2023,1,COMUNICACION CELULAR S A COMCEL S A,70,SUCRE,70124,CAIMITO,1,70124000,CAIMITO,1,1,1,0,0,1
2023,2,COMUNICACION CELULAR S A COMCEL S A,13,BOLÍVAR,13430,MAGANGUÉ,0,13430053,FLORENCIA,1,1,1,0,0,1
2022,1,COLOMBIA TELECOMUNICACIONES S.A. E.S.P.,25,CUNDINAMARCA,25372,JUNÍN,0,25372004,SUEVA,1,0,0,0,0,0
2021,3,PARTNERS TELECOM COLOMBIA SAS,15,BOYACÁ,15776,SUTAMARCHÁN,1,15776000,SUTAMARCHÁN,0,1,1,0,0,0
2022,4,COMUNICACION CELULAR S A COMCEL S A,15,BOYACÁ,15183,CHITA,1,15183000,CHITA,1,1,1,0,0,1
2021,1,COMUNICACION CELULAR S A COMCEL S A,27,CHOCÓ,27001,QUIBDÓ,0,27001017,LA TROJE,0,0,0,0,0,0
2022,4,COLOMBIA TELECOMUNICACIONES S.A. E.S.P.,54,NORTE DE SANTANDER,54001,SAN JOSÉ DE CÚCUTA,0,54001002,BANCO DE ARENAS,1,0,0,0,0,0
2022,3,COMUNICACION CELULAR S A COMCEL S A,25,CUNDINAMARCA,25175,CHÍA,0,25175006,RINCON DE FAGUA,1,1,1,0,0,1
2022,1,COLOMBIA MOVIL  S.A ESP,23,CÓRDOBA,23807,TIERRALTA,0,0,SIN CENTRO POBLADO,0,0,0,0,0,1
2022,1,COMUNICACION CELULAR S A COMCEL S A,52,NARIÑO,52258,EL TABLÓN DE GÓMEZ,1,52258000,EL TABLÓN DE GÓMEZ,1,1,1,0,0,1
2022,1,COLOMBIA MOVIL  S.A ESP,17,CALDAS,17524,PALESTINA,0,17524001,ARAUCA,1,1,1,0,0,1
2021,4,COMUNICACION CELULAR S A COMCEL S A,23,CÓRDOBA,23189,CIÉNAGA DE ORO,0,23189029,EGIPTO,1,1,1,0,0,0
2022,2,PARTNERS TELECOM COLOMBIA SAS,70,SUCRE,70820,SANTIAGO DE TOLÚ,1,70820000,SANTIAGO DE TOLÚ,0,1,1,0,0,1
2021,1,COMUNICACION CELULAR S A COMCEL S A,19,CAUCA,19318,GUAPI,0,19318005,EL CARMELO,0,0,0,0,0,0
2023,1,COMUNICACION CELULAR S A COMCEL S A,08,ATLÁNTICO,08560,PONEDERA,0,08560001,LA RETIRADA,1,1,1,0,0,1
2021,2,COLOMBIA TELECOMUNICACIONES S.A. E.S.P.,25,CUNDINAMARCA,25817,TOCANCIPÁ,0,25817004,SAN JAVIER,1,1,0,0,0,1
2022,1,COLOMBIA MOVIL  S.A ESP,15,BOYACÁ,15362,IZA,1,15362000,IZA,1,1,1,0,0,1
2022,2,COMUNICACION CELULAR S A COMCEL S A,41,HUILA,41872,VILLAVIEJA,1,41872000,VILLAVIEJA,1,1,1,0,0,1
2021,4,COLOMBIA MOVIL  S.A ESP,54,NORTE DE SANTANDER,54673,SAN CAYETANO,0,54673002,CORNEJO,0,1,1,0,0,1
2022,3,COMUNICACION CELULAR S A COMCEL S A,05,ANTIOQUIA,05347,HELICONIA,1,05347000,HELICONIA,1,1,1,0,0,1
2022,2,COLOMBIA TELECOMUNICACIONES S.A. E.S.P.,23,CÓRDOBA,23815,TUCHÍN,0,23815024,NUEVA ESPERANZA,1,0,0,0,0,0
2021,1,COMUNICACION CELULAR S A COMCEL S A,76,VALLE DEL CAUCA,76606,RESTREPO,0,76606008,SAN SALVADOR,0,0,0,0,0,0
2021,4,COLOMBIA MOVIL  S.A ESP,25,CUNDINAMARCA,25120,CABRERA,1,25120000,CABRERA,1,1,1,0,0,1
2022,2,COMUNICACION CELULAR S A COMCEL S A,54,NORTE DE SANTANDER,54250,EL TARRA,0,0,LAS TORRES,1,1,1,0,0,0
2022,2,COMUNICACION CELULAR S A COMCEL S A,47,MAGDALENA,47555,PLATO,0,47555011,SAN JOSÉ DEL PURGATORIO,1,0,0,0,0,0
2022,2,COLOMBIA MOVIL  S.A ESP,54,NORTE DE SANTANDER,54398,LA PLAYA,1,54398000,LA PLAYA,1,1,1,0,0,1
2021,1,COMUNICACION CELULAR S A COMCEL S A,25,CUNDINAMARCA,25178,CHIPAQUE,1,25178001,CHIPAQUE,1,1,1,1,0,0
2021,3,COMUNICACION CELULAR S A COMCEL S A,66,RISARALDA,66001,PEREIRA,1,66001000,PEREIRA,1,1,1,0,0,1
2022,3,COLOMBIA TELECOMUNICACIONES S.A. E.S.P.,18,CAQUETA,18460,MILÁN,1,18460000,MILÁN,0,0,0,0,0,1
2023,3,COLOMBIA MOVIL  S.A ESP,15,BOYACÁ,15897,ZETAQUIRA,1,15897000,ZETAQUIRA,1,1,1,0,0,1
2022,1,AVANTEL S.A.S,63,QUINDÍO,63594,QUIMBAYA,1,63594000,QUIMBAYA,1,1,1,0,0,1
2022,3,COMUNICACION CELULAR S A COMCEL S A,23,CÓRDOBA,23675,SAN BERNARDO DEL VIENTO,0,23675019,EL CASTILO,1,1,1,0,0,0
2021,2,PARTNERS TELECOM COLOMBIA SAS,95,GUAVIARE,95025,EL RETORNO,1,95025000,EL RETORNO,0,1,1,0,0,0
2023,3,COLOMBIA MOVIL  S.A ESP,50,META,50683,SAN JUAN DE ARAMA,1,50683000,SAN JUAN DE ARAMA,1,1,1,0,0,1
2021,2,COMUNICACION CELULAR S A COMCEL S A,63,QUINDÍO,63001,ARMENIA,0,63001009,CONDOMINIO EL EDEN,0,1,1,0,0,1
2022,3,COLOMBIA TELECOMUNICACIONES S.A. E.S.P.,70,SUCRE,70713,SAN ONOFRE,0,70713028,SABANAS DE RINCÓN,1,1,1,0,0,0
2023,3,COLOMBIA TELECOMUNICACIONES S.A. E.S.P.,76,VALLE DEL CAUCA,76563,PRADERA,0,76563018,POTRERITO,0,1,1,0,0,1
2021,3,COMUNICACION CELULAR S A COMCEL S A,05,ANTIOQUIA,05042,SANTAFÉ DE ANTIOQUIA,0,05042008,KILOMETRO 2,1,0,0,0,0,0
2021,3,COLOMBIA TELECOMUNICACIONES S.A. E.S.P.,73,TOLIMA,73349,HONDA,1,73349000,HONDA,1,1,1,0,0,1
2022,2,COMUNICACION CELULAR S A COMCEL S A,86,PUTUMAYO,86755,SAN FRANCISCO,1,86755000,SAN FRANCISCO,1,1,1,0,0,1
2022,4,COLOMBIA MOVIL  S.A ESP,52,NARIÑO,52381,LA FLORIDA,0,52381001,MATITUY,0,0,0,0,0,1
2021,4,COMUNICACION CELULAR S A COMCEL S A,23,CÓRDOBA,23586,PURÍSIMA,0,23586001,ASERRADERO,1,1,1,0,0,0
2022,4,COLOMBIA MOVIL  S.A ESP,50,META,50318,GUAMAL,0,50318001,HUMADEA,0,1,1,0,0,1
2023,3,PARTNERS TELECOM COLOMBIA SAS,47,MAGDALENA,47058,ARIGUANÍ,1,47058000,EL DIFICIL,0,1,1,0,0,1
2023,1,COMUNICACION CELULAR S A COMCEL S A,76,VALLE DEL CAUCA,76520,PALMIRA,1,76520000,PALMIRA,1,1,1,0,0,1
2021,4,COLOMBIA TELECOMUNICACIONES S.A. E.S.P.,73,TOLIMA,73555,PLANADAS,0,0,RÍO CLARO,1,0,0,0,0,0
2023,3,COLOMBIA TELECOMUNICACIONES S.A. E.S.P.,25,CUNDINAMARCA,25594,QUETAME,1,25594000,QUETAME,1,1,0,0,0,1
2023,2,COLOMBIA TELECOMUNICACIONES S.A. E.S.P.,41,HUILA,41548,PITAL,0,41548001,EL SOCORRO,1,0,0,0,0,0
2021,1,COMUNICACION CELULAR S A COMCEL S A,68,SANTANDER,68176,CHIMA,1,68176001,CHIMA,1,1,1,1,0,0
2022,1,COLOMBIA TELECOMUNICACIONES S.A. E.S.P.,81,ARAUCA,81220,CRAVO NORTE,1,81220000,CRAVO NORTE,1,1,1,0,0,0
2021,2,EMPRESA DE TELECOMUNICACIONES DE BOGOTA S.A. ESP,27,CHOCÓ,27361,ISTMINA,1,27361000,ISTMINA,1,1,0,0,0,1
2023,2,COLOMBIA MOVIL  S.A ESP,05,ANTIOQUIA,05893,YONDÓ,1,05893000,CASABE,0,1,1,0,0,1
2021,2,COMUNICACION CELULAR S A COMCEL S A,19,CAUCA,19100,BOLÍVAR,0,19100015,LOS MILAGROS,1,0,0,0,0,0
2022,3,PARTNERS TELECOM COLOMBIA SAS,25,CUNDINAMARCA,25885,YACOPÍ,1,25885000,YACOPÍ,0,1,1,0,0,1
2021,1,AVANTEL S.A.S,91,AMAZONAS,91798,TARAPACÁ,1,91798001,TARAPACÁ,0,0,0,0,0,0
2022,1,AVANTEL S.A.S,25,CUNDINAMARCA,25898,ZIPACÓN,1,25898000,ZIPACÓN,1,1,1,0,0,0
2021,2,COLOMBIA TELECOMUNICACIONES S.A. E.S.P.,76,VALLE DEL CAUCA,76377,LA CUMBRE,0,76377012,LA VENTURA,1,1,1,0,0,1
2022,1,EMPRESA DE TELECOMUNICACIONES DE BOGOTA S.A. ESP,25,CUNDINAMARCA,25035,ANAPOIMA,0,25035002,SAN ANTONIO DE ANAPOIMA,0,1,1,0,0,0
2022,2,COLOMBIA MOVIL  S.A ESP,05,ANTIOQUIA,05690,SANTO DOMINGO,1,05690000,SANTO DOMINGO,1,1,1,0,0,1
2021,1,COMUNICACION CELULAR S A COMCEL S A,25,CUNDINAMARCA,25740,SIBATÉ,0,25740007,PERICO SECTOR LA HONDA,1,1,0,1,0,0
2023,3,COLOMBIA MOVIL  S.A ESP,52,NARIÑO,52835,TUMACO - SAN ANDRES DE TUMACO,1,52835000,TUMACO,0,1,1,0,0,1
2023,2,COMUNICACION CELULAR S A COMCEL S A,54,NORTE DE SANTANDER,54239,DURANIA,1,54239000,DURANIA,1,1,1,0,0,1
2022,1,COMUNICACION CELULAR S A COMCEL S A,52,NARIÑO,52835,TUMACO - SAN ANDRES DE TUMACO,0,52835156,BUCHELY,0,1,1,0,0,0
2021,4,COLOMBIA TELECOMUNICACIONES S.A. E.S.P.,05,ANTIOQUIA,05837,TURBO,0,05837018,NUEVO ANTIOQUIA,0,0,0,0,0,1
2021,3,COLOMBIA MOVIL  S.A ESP,52,NARIÑO,52354,IMUÉS,0,52354007,PEDREGAL,1,0,0,0,0,0
2022,3,AVANTEL S.A.S,25,CUNDINAMARCA,25885,YACOPÍ,1,25885000,YACOPÍ,1,1,1,0,0,1
2022,4,COLOMBIA TELECOMUNICACIONES S.A. E.S.P.,41,HUILA,41483,NÁTAGA,1,41483000,NÁTAGA,1,1,0,0,0,1
2022,4,COMUNICACION CELULAR S A COMCEL S A,47,MAGDALENA,47001,SANTA MARTA,0,47001029,PERICO AGUAO,1,1,1,0,0,0
2022,3,COMUNICACION CELULAR S A COMCEL S A,20,CESAR,20517,PAILITAS,0,20517004,PALESTINA,1,1,1,0,0,1
2021,4,COLOMBIA MOVIL  S.A ESP,05,ANTIOQUIA,05055,ARGELIA,1,05055000,ARGELIA,1,1,1,0,0,1
2023,3,COLOMBIA MOVIL  S.A ESP,05,ANTIOQUIA,05543,PEQUE,1,05543000,PEQUE,1,1,1,0,0,1
2023,1,COMUNICACION CELULAR S A COMCEL S A,76,VALLE DEL CAUCA,76001,CALI,0,76001044,LA SIRENA,1,1,1,0,0,1
2022,1,EMPRESA DE TELECOMUNICACIONES DE BOGOTA S.A. ESP,19,CAUCA,19760,SOTARÁ PAISPAMBA,1,19760000,PAISPAMBA,1,1,0,0,0,0
2023,1,COLOMBIA TELECOMUNICACIONES S.A. E.S.P.,19,CAUCA,19845,VILLA RICA,1,19845000,VILLA RICA,1,1,1,0,0,1
2021,4,COMUNICACION CELULAR S A COMCEL S A,13,BOLÍVAR,13655,SAN JACINTO DEL CAUCA,0,13655005,GALINDO,1,1,0,0,0,0
2022,2,COLOMBIA MOVIL  S.A ESP,18,CAQUETA,18001,FLORENCIA,1,18001000,FLORENCIA,1,1,1,0,0,1
2021,3,EMPRESA DE TELECOMUNICACIONES DE BOGOTA S.A. ESP,15,BOYACÁ,15660,SAN EDUARDO,1,15660000,SAN EDUARDO,0,0,0,0,0,0
2021,1,COLOMBIA MOVIL  S.A ESP,70,SUCRE,70429,MAJAGUAL,1,70429001,MAJAGUAL,1,1,1,0,0,0
2021,3,PARTNERS TELECOM COLOMBIA SAS,54,NORTE DE SANTANDER,54261,EL ZULIA,1,54261000,EL ZULIA,0,1,1,0,0,1
2021,1,COMUNICACION CELULAR S A COMCEL S A,18,CAQUETA,18460,MILÁN,0,18460010,AGUA NEGRA,0,0,0,0,0,0
2023,1,COLOMBIA MOVIL  S.A ESP,25,CUNDINAMARCA,25099,BOJACÁ,1,25099000,BOJACÁ,0,1,1,0,0,1
2023,2,COLOMBIA MOVIL  S.A ESP,23,CÓRDOBA,23001,MONTERÍA,0,23001008,LAS PALOMAS,0,0,0,0,0,1
2021,1,COMUNICACION CELULAR S A COMCEL S A,20,CESAR,20175,CHIMICHAGUA,0,20175004,CANDELARIA,1,1,1,1,0,0
2022,3,COMUNICACION CELULAR S A COMCEL S A,05,ANTIOQUIA,05113,BURITICÁ,0,05113008,LA MARIELA,1,1,1,0,0,1
2021,1,COMUNICACION CELULAR S A COMCEL S A,19,CAUCA,19142,CALOTO,0,19142051,MORALES,0,0,0,0,0,0
2022,2,COMUNICACION CELULAR S A COMCEL S A,19,CAUCA,19130,CAJIBÍO,0,19130018,EL COFRE,1,0,0,0,0,0
2021,3,COLOMBIA TELECOMUNICACIONES S.A. E.S.P.,76,VALLE DEL CAUCA,76869,VIJES,1,76869000,VIJES,1,1,1,0,0,1
2022,1,COMUNICACION CELULAR S A COMCEL S A,13,BOLÍVAR,13430,MAGANGUÉ,1,13430000,MAGANGUÉ,1,1,1,0,0,1
2023,2,COMUNICACION CELULAR S A COMCEL S A,68,SANTANDER,68720,SANTA HELENA DEL OPÓN,0,68720005,SAN JUAN DE LA VERDE,1,0,0,0,0,0
2021,4,COMUNICACION CELULAR S A COMCEL S A,41,HUILA,41357,IQUIRA,0,41357004,VALENCIA LA PAZ,1,1,1,0,0,0
2021,3,COLOMBIA TELECOMUNICACIONES S.A. E.S.P.,25,CUNDINAMARCA,25288,FÚQUENE,1,25288000,FÚQUENE,0,0,0,0,0,1
2021,3,COLOMBIA TELECOMUNICACIONES S.A. E.S.P.,19,CAUCA,19075,BALBOA,1,19075000,BALBOA,1,1,1,0,0,1
2023,2,COLOMBIA MOVIL  S.A ESP,68,SANTANDER,68524,PALMAS DEL SOCORRO,1,68524000,PALMAS DEL SOCORRO,1,1,1,0,0,1
2022,3,PARTNERS TELECOM COLOMBIA SAS,23,CÓRDOBA,23670,SAN ANDRÉS DE SOTAVENTO,0,0,SIN CENTRO POBLADO,0,0,0,0,0,1
2022,3,COLOMBIA TELECOMUNICACIONES S.A. E.S.P.,73,TOLIMA,73555,PLANADAS,0,73555002,GAITANIA,1,1,0,0,0,0
2022,2,COMUNICACION CELULAR S A COMCEL S A,08,ATLÁNTICO,08141,CANDELARIA,0,08141001,SAN JOSÉ DEL CARRETAL,1,1,1,0,0,0
2022,1,PARTNERS TELECOM COLOMBIA SAS,47,MAGDALENA,47258,EL PIÑON,0,47258010,LOS PATOS,0,0,0,0,0,1
2023,2,PARTNERS TELECOM COLOMBIA SAS,73,TOLIMA,73504,ORTEGA,1,73504000,ORTEGA,0,1,1,0,0,1
2022,1,COMUNICACION CELULAR S A COMCEL S A,23,CÓRDOBA,23001,MONTERÍA,0,23001044,LA FLORIDA,1,1,1,0,0,1
2023,3,COLOMBIA TELECOMUNICACIONES S.A. E.S.P.,47,MAGDALENA,47703,SAN ZENÓN,0,47703009,EL HORNO,1,0,0,0,0,0
2022,1,EMPRESA DE TELECOMUNICACIONES DE BOGOTA S.A. ESP,68,SANTANDER,68077,BARBOSA,1,68077000,BARBOSA,1,1,1,0,0,1
